protocol,embedding,degree_bin,train_freq_bin,test_freq_bin,test_train_freq_ratio_bin,n_settings,mean_auprc,mean_delta_auprc_vs_baseline,mean_degree,mean_train_node_freq,mean_test_node_freq,mean_test_train_freq_ratio,mean_tf_proxy_fraction,mean_pos_edge_ratio,mean_hub_fraction
coverage_matched,baseline,high,high,high,low,33,0.6409383878787879,0.0,2.9766148720849395,2.381390610380356,0.5952242617045834,0.249914117815154,0.05784886591104124,0.021487481620124933,0.228962558455801
coverage_matched,baseline,high,high,medium,low,6,0.6351851666666667,0.0,2.2914136035876247,1.8357084458941422,0.4557051576934827,0.24824315454353327,0.05054752702264187,0.013708725699346294,0.04777081115780387
coverage_matched,baseline,medium,medium,medium,low,20,0.5555604483333333,0.0,0.9302955506862158,0.7425297467935144,0.18776580389270142,0.2531744065701959,0.018333087323789278,0.007962436185150234,1.0
coverage_matched,baseline,medium,high,medium,low,15,0.65886356,0.0,1.5062942477837515,1.2046031080212523,0.3016911397624994,0.250570104489878,0.029636303587768434,0.011513567486192035,1.0
coverage_matched,cl_scratch_v5,high,high,high,low,33,0.6316973636363636,-0.009241024242424217,2.9766148720849395,2.381390610380356,0.5952242617045834,0.249914117815154,0.05784886591104124,0.021487481620124933,0.228962558455801
coverage_matched,cl_scratch_v5,high,high,medium,low,7,0.5944831142857143,-0.024801399999999963,2.2692913856915693,1.8186578198859489,0.4506335658056204,0.24775464955615734,0.05000157983034136,0.013387853437090565,0.04733948999442466
coverage_matched,cl_scratch_v5,medium,medium,medium,low,16,0.5112927302083333,-0.04173230833333334,0.9702117256973711,0.7755310104217085,0.19468071527566272,0.25119901189044275,0.01929568088021288,0.00746811427640791,1.0
coverage_matched,cl_scratch_v5,medium,high,medium,low,15,0.6414857333333334,-0.01737782666666666,1.5062942477837515,1.2046031080212523,0.3016911397624994,0.250570104489878,0.029636303587768434,0.011513567486192035,1.0
coverage_matched,cl_v6_fair,high,high,high,low,33,0.5857007151515152,-0.05523767272727271,2.9766148720849395,2.381390610380356,0.5952242617045834,0.249914117815154,0.05784886591104124,0.021487481620124933,0.228962558455801
coverage_matched,cl_v6_fair,high,high,medium,low,7,0.6082913999999999,-0.015324066666666655,2.2692913856915693,1.8186578198859489,0.4506335658056204,0.24775464955615734,0.05000157983034136,0.013387853437090565,0.04733948999442466
coverage_matched,cl_v6_fair,medium,medium,medium,low,21,0.5475697714285714,0.0007653421052631484,0.9292430713534872,0.7413459629594603,0.18789710839402676,0.2537601278267275,0.018306226163680286,0.008073212623161925,1.0
coverage_matched,cl_v6_fair,medium,high,medium,low,16,0.664114875,0.015030066666666671,1.5019198501447444,1.2011547719759939,0.3007650781687505,0.25050819478906217,0.029487591543747485,0.011787030814200182,1.0
coverage_matched,minus,high,high,high,low,33,0.6002758484848485,-0.04066253939393937,2.9766148720849395,2.381390610380356,0.5952242617045834,0.249914117815154,0.05784886591104124,0.021487481620124933,0.228962558455801
coverage_matched,minus,high,high,medium,low,6,0.6144614666666667,-0.020723699999999973,2.2914136035876247,1.8357084458941422,0.4557051576934827,0.24824315454353327,0.05054752702264187,0.013708725699346294,0.04777081115780387
coverage_matched,minus,medium,medium,medium,low,19,0.490843099122807,-0.07159328240740741,0.9595959830202316,0.7658034542475254,0.19379252877270606,0.2533303963081542,0.019034083981320494,0.007922759342234345,1.0
coverage_matched,minus,medium,high,medium,low,15,0.6576959466666668,-0.0011676133333333246,1.5062942477837515,1.2046031080212523,0.3016911397624994,0.250570104489878,0.029636303587768434,0.011513567486192035,1.0
coverage_matched,scGPT_human,high,high,high,low,33,0.6169892484848485,-0.02394913939393937,2.9766148720849395,2.381390610380356,0.5952242617045834,0.249914117815154,0.05784886591104124,0.021487481620124933,0.228962558455801
coverage_matched,scGPT_human,high,high,medium,low,6,0.6233044333333333,-0.011880733333333319,2.2914136035876247,1.8357084458941422,0.4557051576934827,0.24824315454353327,0.05054752702264187,0.013708725699346294,0.04777081115780387
coverage_matched,scGPT_human,medium,medium,medium,low,17,0.5455150470588235,-0.011959786666666661,0.980322611542415,0.7830502721182777,0.19727233942413724,0.2521451630751651,0.019461708358491783,0.007788330471759357,1.0
coverage_matched,scGPT_human,medium,high,medium,low,16,0.659673025,0.003410026666666684,1.5019198501447444,1.2011547719759939,0.3007650781687505,0.25050819478906217,0.029487591543747485,0.011787030814200182,1.0
coverage_matched,scconcept,high,high,high,low,33,0.5585936181818182,-0.08234476969696967,2.9766148720849395,2.381390610380356,0.5952242617045834,0.249914117815154,0.05784886591104124,0.021487481620124933,0.228962558455801
coverage_matched,scconcept,high,high,medium,low,7,0.452902,-0.19343646666666667,2.286684325098329,1.831585004580162,0.45509932051816687,0.24847462001694323,0.05042465132942471,0.01391909812815775,0.04748051382745244
coverage_matched,scconcept,medium,medium,medium,low,21,0.54034655,-0.019038242982456145,0.9463303263937339,0.7550542255211679,0.1912761008725661,0.2536155273700037,0.01866668808497081,0.008049840121315465,1.0
coverage_matched,scconcept,medium,high,medium,low,16,0.5456760375,-0.11506963999999999,1.5019198501447444,1.2011547719759939,0.3007650781687505,0.25050819478906217,0.029487591543747485,0.011787030814200182,1.0
coverage_matched,scconcept_encoded,high,high,high,low,33,0.5528141757575757,-0.08812421212121209,2.9766148720849395,2.381390610380356,0.5952242617045834,0.249914117815154,0.05784886591104124,0.021487481620124933,0.228962558455801
coverage_matched,scconcept_encoded,high,high,medium,low,7,0.5267353428571429,-0.10103426666666665,2.2692913856915693,1.8186578198859489,0.4506335658056204,0.24775464955615734,0.05000157983034136,0.013387853437090565,0.04733948999442466
coverage_matched,scconcept_encoded,medium,medium,medium,low,21,0.5275325650793651,-0.01856038333333333,0.9547005069896298,0.7612193430123688,0.193481163977261,0.2544869826556975,0.018913600074670973,0.008148090965202099,1.0
coverage_matched,scconcept_encoded,medium,high,medium,low,16,0.5771668125,-0.07294723999999997,1.5019198501447444,1.2011547719759939,0.3007650781687505,0.25050819478906217,0.029487591543747485,0.011787030814200182,1.0
coverage_matched,v4_bias_rec_best,high,high,high,low,33,0.5925904666666666,-0.04834792121212119,2.9766148720849395,2.381390610380356,0.5952242617045834,0.249914117815154,0.05784886591104124,0.021487481620124933,0.228962558455801
coverage_matched,v4_bias_rec_best,high,high,medium,low,6,0.5799929333333333,-0.05519223333333331,2.2914136035876247,1.8357084458941422,0.4557051576934827,0.24824315454353327,0.05054752702264187,0.013708725699346294,0.04777081115780387
coverage_matched,v4_bias_rec_best,medium,medium,medium,low,18,0.5274116861111111,-0.01968400882352942,0.9624516773714158,0.7684775191347001,0.19397415823671568,0.2526557209387539,0.019104366260199387,0.007791315895503155,1.0
coverage_matched,v4_bias_rec_best,medium,high,medium,low,15,0.6777337466666666,0.018870186666666688,1.5062942477837515,1.2046031080212523,0.3016911397624994,0.250570104489878,0.029636303587768434,0.011513567486192035,1.0
coverage_matched,v4_plain_best,high,high,high,low,33,0.5807256424242424,-0.06021274545454544,2.9766148720849395,2.381390610380356,0.5952242617045834,0.249914117815154,0.05784886591104124,0.021487481620124933,0.228962558455801
coverage_matched,v4_plain_best,high,high,medium,low,6,0.5842990333333333,-0.050886133333333305,2.2914136035876247,1.8357084458941422,0.4557051576934827,0.24824315454353327,0.05054752702264187,0.013708725699346294,0.04777081115780387
coverage_matched,v4_plain_best,medium,medium,medium,low,18,0.5261925027777778,-0.029242473529411762,0.9466150962533875,0.7562324406210014,0.19038265563238593,0.252037687434822,0.018659066273614244,0.007839884123358955,1.0
coverage_matched,v4_plain_best,medium,high,medium,low,16,0.587426325,-0.06499641333333334,1.5019198501447444,1.2011547719759939,0.3007650781687505,0.25050819478906217,0.029487591543747485,0.011787030814200182,1.0
coverage_matched,v4_type_pe_best,high,high,high,low,33,0.5967817878787879,-0.044156599999999976,2.9766148720849395,2.381390610380356,0.5952242617045834,0.249914117815154,0.05784886591104124,0.021487481620124933,0.228962558455801
coverage_matched,v4_type_pe_best,high,high,medium,low,7,0.5993106857142857,-0.01622019999999999,2.2692913856915693,1.8186578198859489,0.4506335658056204,0.24775464955615734,0.05000157983034136,0.013387853437090565,0.04733948999442466
coverage_matched,v4_type_pe_best,medium,medium,medium,low,20,0.5351980125,-0.016498880555555553,0.9418615386817608,0.7522141772327497,0.18964736144901112,0.25235392542234925,0.01867566919179437,0.0076116843371197675,1.0
coverage_matched,v4_type_pe_best,medium,high,medium,low,16,0.645735,-0.00044159999999999756,1.5019198501447444,1.2011547719759939,0.3007650781687505,0.25050819478906217,0.029487591543747485,0.011787030814200182,1.0
native,baseline,high,high,high,low,36,0.6103038666666667,0.0,2.7417051658966822,2.1927761444771106,0.5489290214195716,0.2503351848304922,0.05242895142097158,0.020002511084866254,0.0506789864202716
native,baseline,medium,medium,medium,low,36,0.5836347444444444,0.0,0.9491691790920935,0.7591317837070803,0.1900373953850132,0.2503351848304922,0.01797166611403121,0.007201636270144398,1.0
native,baseline,medium,high,medium,low,12,0.5498561833333333,0.0,1.7712657712657716,1.4166327499660831,0.354633021299688,0.2503351848304923,0.0328313661646995,0.014727904251028783,1.0
native,cl_scratch_v5,high,high,high,low,36,0.6174654333333334,0.007161566666666671,2.7417051658966822,2.1927761444771106,0.5489290214195716,0.2503351848304922,0.05242895142097158,0.020002511084866254,0.0506789864202716
native,cl_scratch_v5,medium,medium,medium,low,36,0.56721535,-0.016419394444444443,0.9491691790920935,0.7591317837070803,0.1900373953850132,0.2503351848304922,0.01797166611403121,0.007201636270144398,1.0
native,cl_scratch_v5,medium,high,medium,low,12,0.5536232,0.003767016666666669,1.7712657712657716,1.4166327499660831,0.354633021299688,0.2503351848304923,0.0328313661646995,0.014727904251028783,1.0
native,cl_v6_fair,high,high,high,low,36,0.6268091277777779,0.01650526111111112,2.7417051658966822,2.1927761444771106,0.5489290214195716,0.2503351848304922,0.05242895142097158,0.020002511084866254,0.0506789864202716
native,cl_v6_fair,medium,medium,medium,low,36,0.5632324222222223,-0.02040232222222222,0.9491691790920935,0.7591317837070803,0.1900373953850132,0.2503351848304922,0.01797166611403121,0.007201636270144398,1.0
native,cl_v6_fair,medium,high,medium,low,12,0.5755292,0.025673016666666687,1.7712657712657716,1.4166327499660831,0.354633021299688,0.2503351848304923,0.0328313661646995,0.014727904251028783,1.0
native,minus,high,high,high,low,36,0.6096775166666667,-0.0006263499999999931,2.7417051658966822,2.1927761444771106,0.5489290214195716,0.2503351848304922,0.05242895142097158,0.020002511084866254,0.0506789864202716
native,minus,medium,medium,medium,low,36,0.5709720222222222,-0.012662722222222216,0.9491691790920935,0.7591317837070803,0.1900373953850132,0.2503351848304922,0.01797166611403121,0.007201636270144398,1.0
native,minus,medium,high,medium,low,12,0.5177177666666667,-0.03213841666666667,1.7712657712657716,1.4166327499660831,0.354633021299688,0.2503351848304923,0.0328313661646995,0.014727904251028783,1.0
native,scGPT_human,high,high,high,low,36,0.6230363277777777,0.01273246111111112,2.7417051658966822,2.1927761444771106,0.5489290214195716,0.2503351848304922,0.05242895142097158,0.020002511084866254,0.0506789864202716
native,scGPT_human,medium,medium,medium,low,36,0.5785197277777778,-0.00511501666666667,0.9491691790920935,0.7591317837070803,0.1900373953850132,0.2503351848304922,0.01797166611403121,0.007201636270144398,1.0
native,scGPT_human,medium,high,medium,low,12,0.5225023333333333,-0.027353849999999985,1.7712657712657716,1.4166327499660831,0.354633021299688,0.2503351848304923,0.0328313661646995,0.014727904251028783,1.0
native,scconcept,high,high,high,low,36,0.5477582444444444,-0.06254562222222222,2.7417051658966822,2.1927761444771106,0.5489290214195716,0.2503351848304922,0.05242895142097158,0.020002511084866254,0.0506789864202716
native,scconcept,medium,medium,medium,low,36,0.5201925611111111,-0.06344218333333333,0.9491691790920935,0.7591317837070803,0.1900373953850132,0.2503351848304922,0.01797166611403121,0.007201636270144398,1.0
native,scconcept,medium,high,medium,low,12,0.5163255333333333,-0.033530649999999974,1.7712657712657716,1.4166327499660831,0.354633021299688,0.2503351848304923,0.0328313661646995,0.014727904251028783,1.0
native,scconcept_encoded,high,high,high,low,36,0.5470897,-0.06321416666666665,2.7417051658966822,2.1927761444771106,0.5489290214195716,0.2503351848304922,0.05242895142097158,0.020002511084866254,0.0506789864202716
native,scconcept_encoded,medium,medium,medium,low,36,0.5197718777777778,-0.06386286666666667,0.9491691790920935,0.7591317837070803,0.1900373953850132,0.2503351848304922,0.01797166611403121,0.007201636270144398,1.0
native,scconcept_encoded,medium,high,medium,low,12,0.5235408,-0.02631538333333333,1.7712657712657716,1.4166327499660831,0.354633021299688,0.2503351848304923,0.0328313661646995,0.014727904251028783,1.0
native,v4_bias_rec_best,high,high,high,low,36,0.5964516,-0.013852266666666663,2.7417051658966822,2.1927761444771106,0.5489290214195716,0.2503351848304922,0.05242895142097158,0.020002511084866254,0.0506789864202716
native,v4_bias_rec_best,medium,medium,medium,low,36,0.5697319222222222,-0.01390282222222221,0.9491691790920935,0.7591317837070803,0.1900373953850132,0.2503351848304922,0.01797166611403121,0.007201636270144398,1.0
native,v4_bias_rec_best,medium,high,medium,low,12,0.5491597166666666,-0.0006964666666666591,1.7712657712657716,1.4166327499660831,0.354633021299688,0.2503351848304923,0.0328313661646995,0.014727904251028783,1.0
native,v4_plain_best,high,high,high,low,36,0.6088624111111112,-0.0014414555555555526,2.7417051658966822,2.1927761444771106,0.5489290214195716,0.2503351848304922,0.05242895142097158,0.020002511084866254,0.0506789864202716
native,v4_plain_best,medium,medium,medium,low,36,0.5705427,-0.013092044444444442,0.9491691790920935,0.7591317837070803,0.1900373953850132,0.2503351848304922,0.01797166611403121,0.007201636270144398,1.0
native,v4_plain_best,medium,high,medium,low,12,0.5520606666666666,0.002204483333333345,1.7712657712657716,1.4166327499660831,0.354633021299688,0.2503351848304923,0.0328313661646995,0.014727904251028783,1.0
native,v4_type_pe_best,high,high,high,low,36,0.6081004833333333,-0.0022033833333333273,2.7417051658966822,2.1927761444771106,0.5489290214195716,0.2503351848304922,0.05242895142097158,0.020002511084866254,0.0506789864202716
native,v4_type_pe_best,medium,medium,medium,low,36,0.5792055888888888,-0.0044291555555555605,0.9491691790920935,0.7591317837070803,0.1900373953850132,0.2503351848304922,0.01797166611403121,0.007201636270144398,1.0
native,v4_type_pe_best,medium,high,medium,low,12,0.5312775333333334,-0.01857865,1.7712657712657716,1.4166327499660831,0.354633021299688,0.2503351848304923,0.0328313661646995,0.014727904251028783,1.0
strict,baseline,high,high,high,low,33,0.6056671636363635,0.0,2.9766148720849395,2.381390610380356,0.5952242617045834,0.249914117815154,0.05784886591104124,0.021487481620124933,0.228962558455801
strict,baseline,high,high,medium,low,6,0.3930334,0.0,2.2914136035876247,1.8357084458941422,0.4557051576934827,0.24824315454353327,0.05054752702264187,0.013708725699346294,0.04777081115780387
strict,baseline,medium,medium,medium,low,21,0.6338714428571428,0.0,0.9475839455417413,0.7565966175095484,0.19098732803219282,0.25268461760047806,0.01872543379125709,0.00781074547686185,1.0
strict,baseline,medium,high,medium,low,15,0.6281886533333334,0.0,1.5062942477837515,1.2046031080212523,0.3016911397624994,0.250570104489878,0.029636303587768434,0.011513567486192035,1.0
strict,cl_scratch_v5,high,high,high,low,33,0.5976494484848485,-0.008017715151515155,2.9766148720849395,2.381390610380356,0.5952242617045834,0.249914117815154,0.05784886591104124,0.021487481620124933,0.228962558455801
strict,cl_scratch_v5,high,high,medium,low,6,0.3904895,-0.0025439000000000065,2.2914136035876247,1.8357084458941422,0.4557051576934827,0.24824315454353327,0.05054752702264187,0.013708725699346294,0.04777081115780387
strict,cl_scratch_v5,medium,medium,medium,low,16,0.62592535,0.007982350000000006,0.9720185721074621,0.7770553726689766,0.19496319943848547,0.251115858569834,0.01921637885029812,0.007756682878974797,1.0
strict,cl_scratch_v5,medium,high,medium,low,15,0.6276320666666667,-0.000556586666666666,1.5062942477837515,1.2046031080212523,0.3016911397624994,0.250570104489878,0.029636303587768434,0.011513567486192035,1.0
strict,cl_v6_fair,high,high,high,low,33,0.6000841818181818,-0.005582981818181809,2.9766148720849395,2.381390610380356,0.5952242617045834,0.249914117815154,0.05784886591104124,0.021487481620124933,0.228962558455801
strict,cl_v6_fair,high,high,medium,low,6,0.3764496,-0.016583799999999992,2.2914136035876247,1.8357084458941422,0.4557051576934827,0.24824315454353327,0.05054752702264187,0.013708725699346294,0.04777081115780387
strict,cl_v6_fair,medium,medium,medium,low,16,0.6212044624999999,0.0032614624999999925,0.9720185721074621,0.7770553726689766,0.19496319943848547,0.251115858569834,0.01921637885029812,0.007756682878974797,1.0
strict,cl_v6_fair,medium,high,medium,low,15,0.6291808666666667,0.000992213333333347,1.5062942477837515,1.2046031080212523,0.3016911397624994,0.250570104489878,0.029636303587768434,0.011513567486192035,1.0
strict,minus,high,high,high,low,33,0.5887094424242424,-0.016957721212121205,2.9766148720849395,2.381390610380356,0.5952242617045834,0.249914117815154,0.05784886591104124,0.021487481620124933,0.228962558455801
strict,minus,high,high,medium,low,6,0.3588782,-0.034155200000000004,2.2914136035876247,1.8357084458941422,0.4557051576934827,0.24824315454353327,0.05054752702264187,0.013708725699346294,0.04777081115780387
strict,minus,medium,medium,medium,low,19,0.6348472210526316,-0.026175644444444455,0.944592906171573,0.7542028535503371,0.1903900526212358,0.25274489088337654,0.018612220836134574,0.007968771347571417,1.0
strict,minus,medium,high,medium,low,15,0.6201380266666666,-0.008050626666666668,1.5062942477837515,1.2046031080212523,0.3016911397624994,0.250570104489878,0.029636303587768434,0.011513567486192035,1.0
strict,scGPT_human,high,high,high,low,33,0.6119445878787879,0.006277424242424252,2.9766148720849395,2.381390610380356,0.5952242617045834,0.249914117815154,0.05784886591104124,0.021487481620124933,0.228962558455801
strict,scGPT_human,high,high,medium,low,6,0.33067003333333334,-0.06236336666666667,2.2914136035876247,1.8357084458941422,0.4557051576934827,0.24824315454353327,0.05054752702264187,0.013708725699346294,0.04777081115780387
strict,scGPT_human,medium,medium,medium,low,20,0.6326456166666666,-0.014792761403508775,0.9482371684784751,0.7569234224833072,0.19131374599516776,0.2530225760906359,0.018711572341144324,0.00793789505821145,1.0
strict,scGPT_human,medium,high,medium,low,15,0.6106358933333333,-0.01755275999999999,1.5062942477837515,1.2046031080212523,0.3016911397624994,0.250570104489878,0.029636303587768434,0.011513567486192035,1.0
strict,scconcept,high,high,high,low,33,0.5142596909090908,-0.09140747272727272,2.9766148720849395,2.381390610380356,0.5952242617045834,0.249914117815154,0.05784886591104124,0.021487481620124933,0.228962558455801
strict,scconcept,high,high,medium,low,6,0.2816766333333333,-0.11135676666666666,2.2914136035876247,1.8357084458941422,0.4557051576934827,0.24824315454353327,0.05054752702264187,0.013708725699346294,0.04777081115780387
strict,scconcept,medium,medium,medium,low,21,0.6074806285714286,-0.026390814285714284,0.9475839455417413,0.7565966175095484,0.19098732803219282,0.25268461760047806,0.01872543379125709,0.00781074547686185,1.0
strict,scconcept,medium,high,medium,low,15,0.50775556,-0.12043309333333334,1.5062942477837515,1.2046031080212523,0.3016911397624994,0.250570104489878,0.029636303587768434,0.011513567486192035,1.0
strict,scconcept_encoded,high,high,high,low,33,0.5072230181818181,-0.09844414545454545,2.9766148720849395,2.381390610380356,0.5952242617045834,0.249914117815154,0.05784886591104124,0.021487481620124933,0.228962558455801
strict,scconcept_encoded,high,high,medium,low,6,0.3264769,-0.0665565,2.2914136035876247,1.8357084458941422,0.4557051576934827,0.24824315454353327,0.05054752702264187,0.013708725699346294,0.04777081115780387
strict,scconcept_encoded,medium,medium,medium,low,20,0.59138199,-0.05699707894736842,0.9440892352033478,0.753995736774539,0.1900934984288087,0.2524039187290738,0.018631742934003468,0.00783372047268634,1.0
strict,scconcept_encoded,medium,high,medium,low,15,0.56962188,-0.05856677333333333,1.5062942477837515,1.2046031080212523,0.3016911397624994,0.250570104489878,0.029636303587768434,0.011513567486192035,1.0
strict,v4_bias_rec_best,high,high,high,low,33,0.5830103575757575,-0.022656806060606056,2.9766148720849395,2.381390610380356,0.5952242617045834,0.249914117815154,0.05784886591104124,0.021487481620124933,0.228962558455801
strict,v4_bias_rec_best,high,high,medium,low,6,0.4221065666666666,0.029073166666666667,2.2914136035876247,1.8357084458941422,0.4557051576934827,0.24824315454353327,0.05054752702264187,0.013708725699346294,0.04777081115780387
strict,v4_bias_rec_best,medium,medium,medium,low,19,0.6218558342105263,-0.039888775,0.944592906171573,0.7542028535503371,0.1903900526212358,0.25274489088337654,0.018612220836134574,0.007968771347571417,1.0
strict,v4_bias_rec_best,medium,high,medium,low,15,0.5953617866666666,-0.03282686666666667,1.5062942477837515,1.2046031080212523,0.3016911397624994,0.250570104489878,0.029636303587768434,0.011513567486192035,1.0
strict,v4_plain_best,high,high,high,low,33,0.6030526666666667,-0.0026144969696969655,2.9766148720849395,2.381390610380356,0.5952242617045834,0.249914117815154,0.05784886591104124,0.021487481620124933,0.228962558455801
strict,v4_plain_best,high,high,medium,low,6,0.3624253333333333,-0.030608066666666666,2.2914136035876247,1.8357084458941422,0.4557051576934827,0.24824315454353327,0.05054752702264187,0.013708725699346294,0.04777081115780387
strict,v4_plain_best,medium,medium,medium,low,19,0.6731544105263157,0.014259722222222236,0.944592906171573,0.7542028535503371,0.1903900526212358,0.25274489088337654,0.018612220836134574,0.007968771347571417,1.0
strict,v4_plain_best,medium,high,medium,low,15,0.6433636933333333,0.015175040000000018,1.5062942477837515,1.2046031080212523,0.3016911397624994,0.250570104489878,0.029636303587768434,0.011513567486192035,1.0
strict,v4_type_pe_best,high,high,high,low,33,0.5949442121212121,-0.010722951515151517,2.9766148720849395,2.381390610380356,0.5952242617045834,0.249914117815154,0.05784886591104124,0.021487481620124933,0.228962558455801
strict,v4_type_pe_best,high,high,medium,low,6,0.38750233333333334,-0.005531066666666658,2.2914136035876247,1.8357084458941422,0.4557051576934827,0.24824315454353327,0.05054752702264187,0.013708725699346294,0.04777081115780387
strict,v4_type_pe_best,medium,medium,medium,low,19,0.6544020596491228,-0.005534425925925915,0.944592906171573,0.7542028535503371,0.1903900526212358,0.25274489088337654,0.018612220836134574,0.007968771347571417,1.0
strict,v4_type_pe_best,medium,high,medium,low,15,0.61900676,-0.009181893333333335,1.5062942477837515,1.2046031080212523,0.3016911397624994,0.250570104489878,0.029636303587768434,0.011513567486192035,1.0
topology_matched,baseline,high,high,high,low,33,0.5821488484848485,0.0,2.9766148720849395,2.381390610380356,0.5952242617045834,0.249914117815154,0.05784886591104124,0.021487481620124933,0.228962558455801
topology_matched,baseline,high,high,medium,low,6,0.4393313333333333,0.0,2.2914136035876247,1.8357084458941422,0.4557051576934827,0.24824315454353327,0.05054752702264187,0.013708725699346294,0.04777081115780387
topology_matched,baseline,medium,medium,medium,low,21,0.6284558976190476,0.0,0.9475839455417413,0.7565966175095484,0.19098732803219282,0.25268461760047806,0.01872543379125709,0.00781074547686185,1.0
topology_matched,baseline,medium,high,medium,low,15,0.6613756933333333,0.0,1.5062942477837515,1.2046031080212523,0.3016911397624994,0.250570104489878,0.029636303587768434,0.011513567486192035,1.0
topology_matched,cl_scratch_v5,high,high,high,low,33,0.5959226,0.013773751515151512,2.9766148720849395,2.381390610380356,0.5952242617045834,0.249914117815154,0.05784886591104124,0.021487481620124933,0.228962558455801
topology_matched,cl_scratch_v5,high,high,medium,low,6,0.42786643333333335,-0.011464899999999986,2.2914136035876247,1.8357084458941422,0.4557051576934827,0.24824315454353327,0.05054752702264187,0.013708725699346294,0.04777081115780387
topology_matched,cl_scratch_v5,medium,medium,medium,low,16,0.62938925,0.018609712499999983,0.9720185721074621,0.7770553726689766,0.19496319943848547,0.251115858569834,0.01921637885029812,0.007756682878974797,1.0
topology_matched,cl_scratch_v5,medium,high,medium,low,15,0.5869223066666667,-0.07445338666666669,1.5062942477837515,1.2046031080212523,0.3016911397624994,0.250570104489878,0.029636303587768434,0.011513567486192035,1.0
topology_matched,cl_v6_fair,high,high,high,low,33,0.5976760666666667,0.015527218181818176,2.9766148720849395,2.381390610380356,0.5952242617045834,0.249914117815154,0.05784886591104124,0.021487481620124933,0.228962558455801
topology_matched,cl_v6_fair,high,high,medium,low,6,0.3855841666666667,-0.05374716666666666,2.2914136035876247,1.8357084458941422,0.4557051576934827,0.24824315454353327,0.05054752702264187,0.013708725699346294,0.04777081115780387
topology_matched,cl_v6_fair,medium,medium,medium,low,16,0.6226759,0.011896362499999986,0.9720185721074621,0.7770553726689766,0.19496319943848547,0.251115858569834,0.01921637885029812,0.007756682878974797,1.0
topology_matched,cl_v6_fair,medium,high,medium,low,15,0.6229103733333333,-0.03846532000000001,1.5062942477837515,1.2046031080212523,0.3016911397624994,0.250570104489878,0.029636303587768434,0.011513567486192035,1.0
topology_matched,minus,high,high,high,low,33,0.626325993939394,0.044177145454545465,2.9766148720849395,2.381390610380356,0.5952242617045834,0.249914117815154,0.05784886591104124,0.021487481620124933,0.228962558455801
topology_matched,minus,high,high,medium,low,6,0.4043930333333334,-0.034938300000000005,2.2914136035876247,1.8357084458941422,0.4557051576934827,0.24824315454353327,0.05054752702264187,0.013708725699346294,0.04777081115780387
topology_matched,minus,medium,medium,medium,low,20,0.6609150275,-0.003889226315789479,0.9427729350979399,0.7523762251867394,0.19039670991120067,0.2533813739870757,0.01857005994240287,0.008084769849362634,1.0
topology_matched,minus,medium,high,medium,low,15,0.5826921333333334,-0.07868356000000001,1.5062942477837515,1.2046031080212523,0.3016911397624994,0.250570104489878,0.029636303587768434,0.011513567486192035,1.0
topology_matched,scGPT_human,high,high,high,low,33,0.6352099878787879,0.0530611393939394,2.9766148720849395,2.381390610380356,0.5952242617045834,0.249914117815154,0.05784886591104124,0.021487481620124933,0.228962558455801
topology_matched,scGPT_human,high,high,medium,low,6,0.3434240333333333,-0.09590729999999999,2.2914136035876247,1.8357084458941422,0.4557051576934827,0.24824315454353327,0.05054752702264187,0.013708725699346294,0.04777081115780387
topology_matched,scGPT_human,medium,medium,medium,low,21,0.6395628412698413,-0.01352335916666667,0.9463303263937339,0.7550542255211679,0.1912761008725661,0.2536155273700037,0.01866668808497081,0.008049840121315465,1.0
topology_matched,scGPT_human,medium,high,medium,low,15,0.6024086133333333,-0.05896707999999999,1.5062942477837515,1.2046031080212523,0.3016911397624994,0.250570104489878,0.029636303587768434,0.011513567486192035,1.0
topology_matched,scconcept,high,high,high,low,33,0.5282399636363636,-0.053908884848484856,2.9766148720849395,2.381390610380356,0.5952242617045834,0.249914117815154,0.05784886591104124,0.021487481620124933,0.228962558455801
topology_matched,scconcept,high,high,medium,low,6,0.35260279999999994,-0.08672853333333334,2.2914136035876247,1.8357084458941422,0.4557051576934827,0.24824315454353327,0.05054752702264187,0.013708725699346294,0.04777081115780387
topology_matched,scconcept,medium,medium,medium,low,22,0.6163099454545454,-0.024464526190476205,0.9457934700488856,0.7548272388172227,0.19096623123166284,0.2532659782985181,0.018681959662631795,0.007923381654431573,1.0
topology_matched,scconcept,medium,high,medium,low,15,0.5278764,-0.13349929333333335,1.5062942477837515,1.2046031080212523,0.3016911397624994,0.250570104489878,0.029636303587768434,0.011513567486192035,1.0
topology_matched,scconcept_encoded,high,high,high,low,33,0.4975130545454546,-0.08463579393939395,2.9766148720849395,2.381390610380356,0.5952242617045834,0.249914117815154,0.05784886591104124,0.021487481620124933,0.228962558455801
topology_matched,scconcept_encoded,high,high,medium,low,6,0.30281546666666664,-0.13651586666666668,2.2914136035876247,1.8357084458941422,0.4557051576934827,0.24824315454353327,0.05054752702264187,0.013708725699346294,0.04777081115780387
topology_matched,scconcept_encoded,medium,medium,medium,low,19,0.5713381684210527,-0.05768524444444445,0.9633265057854891,0.769383529120777,0.193942976664712,0.25235412056996753,0.019052775280067547,0.007892219088434635,1.0
topology_matched,scconcept_encoded,medium,high,medium,low,15,0.6020093200000001,-0.05936637333333335,1.5062942477837515,1.2046031080212523,0.3016911397624994,0.250570104489878,0.029636303587768434,0.011513567486192035,1.0
topology_matched,v4_bias_rec_best,high,high,high,low,33,0.5943130242424243,0.012164175757575767,2.9766148720849395,2.381390610380356,0.5952242617045834,0.249914117815154,0.05784886591104124,0.021487481620124933,0.228962558455801
topology_matched,v4_bias_rec_best,high,high,medium,low,6,0.5164888,0.07715746666666669,2.2914136035876247,1.8357084458941422,0.4557051576934827,0.24824315454353327,0.05054752702264187,0.013708725699346294,0.04777081115780387
topology_matched,v4_bias_rec_best,medium,medium,medium,low,20,0.634228855,-0.03197993421052633,0.9427729350979399,0.7523762251867394,0.19039670991120067,0.2533813739870757,0.01857005994240287,0.008084769849362634,1.0
topology_matched,v4_bias_rec_best,medium,high,medium,low,15,0.5968243999999999,-0.06455129333333336,1.5062942477837515,1.2046031080212523,0.3016911397624994,0.250570104489878,0.029636303587768434,0.011513567486192035,1.0
topology_matched,v4_plain_best,high,high,high,low,33,0.6005587636363636,0.018409915151515154,2.9766148720849395,2.381390610380356,0.5952242617045834,0.249914117815154,0.05784886591104124,0.021487481620124933,0.228962558455801
topology_matched,v4_plain_best,high,high,medium,low,6,0.3667272,-0.07260413333333332,2.2914136035876247,1.8357084458941422,0.4557051576934827,0.24824315454353327,0.05054752702264187,0.013708725699346294,0.04777081115780387
topology_matched,v4_plain_best,medium,medium,medium,low,20,0.68304326,0.019403649999999988,0.9427729350979399,0.7523762251867394,0.19039670991120067,0.2533813739870757,0.01857005994240287,0.008084769849362634,1.0
topology_matched,v4_plain_best,medium,high,medium,low,15,0.6123941733333333,-0.04898152000000001,1.5062942477837515,1.2046031080212523,0.3016911397624994,0.250570104489878,0.029636303587768434,0.011513567486192035,1.0
topology_matched,v4_type_pe_best,high,high,high,low,33,0.5886998848484849,0.006551036363636364,2.9766148720849395,2.381390610380356,0.5952242617045834,0.249914117815154,0.05784886591104124,0.021487481620124933,0.228962558455801
topology_matched,v4_type_pe_best,high,high,medium,low,6,0.35688739999999997,-0.08244393333333334,2.2914136035876247,1.8357084458941422,0.4557051576934827,0.24824315454353327,0.05054752702264187,0.013708725699346294,0.04777081115780387
topology_matched,v4_type_pe_best,medium,medium,medium,low,20,0.66320546,-0.0014782447368421063,0.9427729350979399,0.7523762251867394,0.19039670991120067,0.2533813739870757,0.01857005994240287,0.008084769849362634,1.0
topology_matched,v4_type_pe_best,medium,high,medium,low,15,0.62509384,-0.036281853333333336,1.5062942477837515,1.2046031080212523,0.3016911397624994,0.250570104489878,0.029636303587768434,0.011513567486192035,1.0
