dataset,embedding,setting,train_dataset,test_dataset,clf,coverage,auroc,auprc
hHep500,minus,in_domain,hHep500,hHep500,lr,487/500,0.0,0.5
hHep500,baseline,in_domain,hHep500,hHep500,lr,487/500,1.0,1.0
hHep500,scGPT_human,in_domain,hHep500,hHep500,lr,487/500,1.0,1.0
hHep500,v4_bias_rec_best,in_domain,hHep500,hHep500,lr,487/500,1.0,1.0
hHep500,v4_plain_best,in_domain,hHep500,hHep500,lr,487/500,1.0,1.0
hHep500,v4_type_pe_best,in_domain,hHep500,hHep500,lr,487/500,0.0,0.5
hHep500,scconcept,in_domain,hHep500,hHep500,lr,487/500,0.0,0.5
hHep500,scconcept_encoded,in_domain,hHep500,hHep500,lr,487/500,1.0,1.0
hHep500,cl_scratch_v5,in_domain,hHep500,hHep500,lr,487/500,1.0,1.0
hHep500,random_256,in_domain,hHep500,hHep500,lr,500/500,1.0,1.0
mHSC-E500,minus,in_domain,mHSC-E500,mHSC-E500,lr,457/500,0.6623455189698384,0.7529713945356387
mHSC-E500,minus,in_domain,mHSC-E500,mHSC-E500,mlp,457/500,0.6562527007173105,0.7851174636497793
mHSC-E500,baseline,in_domain,mHSC-E500,mHSC-E500,lr,457/500,0.6293103448275862,0.7543718838744
mHSC-E500,baseline,in_domain,mHSC-E500,mHSC-E500,mlp,457/500,0.7151499438250799,0.833281357904529
mHSC-E500,scGPT_human,in_domain,mHSC-E500,mHSC-E500,lr,457/500,0.6944948578342407,0.793279505028745
mHSC-E500,scGPT_human,in_domain,mHSC-E500,mHSC-E500,mlp,457/500,0.7176346037507562,0.8160154102561563
mHSC-E500,v4_bias_rec_best,in_domain,mHSC-E500,mHSC-E500,lr,457/500,0.6165845648604269,0.7362100104002067
mHSC-E500,v4_bias_rec_best,in_domain,mHSC-E500,mHSC-E500,mlp,457/500,0.698945639961974,0.8175344770816045
mHSC-E500,v4_plain_best,in_domain,mHSC-E500,mHSC-E500,lr,457/500,0.6377365828364014,0.7349906114843592
mHSC-E500,v4_plain_best,in_domain,mHSC-E500,mHSC-E500,mlp,457/500,0.682460461498574,0.7942211996374973
mHSC-E500,v4_type_pe_best,in_domain,mHSC-E500,mHSC-E500,lr,457/500,0.6634042001555613,0.7581778221931526
mHSC-E500,v4_type_pe_best,in_domain,mHSC-E500,mHSC-E500,mlp,457/500,0.7002419842710224,0.8121814312448485
mHSC-E500,scconcept,in_domain,mHSC-E500,mHSC-E500,lr,457/500,0.5632183908045978,0.697452838970237
mHSC-E500,scconcept,in_domain,mHSC-E500,mHSC-E500,mlp,457/500,0.6451473511364618,0.7867485952415347
mHSC-E500,scconcept_encoded,in_domain,mHSC-E500,mHSC-E500,lr,457/500,0.6020439028605997,0.7554162792646664
mHSC-E500,scconcept_encoded,in_domain,mHSC-E500,mHSC-E500,mlp,457/500,0.643029988765016,0.7715865322627826
mHSC-E500,cl_scratch_v5,in_domain,mHSC-E500,mHSC-E500,lr,457/500,0.7050168524760176,0.8160084846464708
mHSC-E500,cl_scratch_v5,in_domain,mHSC-E500,mHSC-E500,mlp,457/500,0.7015383285800709,0.8150709324756504
mHSC-E500,random_256,in_domain,mHSC-E500,mHSC-E500,lr,500/500,0.5594157808313889,0.6927974941860009
mHSC-E500,random_256,in_domain,mHSC-E500,mHSC-E500,mlp,500/500,0.6145536254429176,0.7526375819702983
mHSC-GM500,minus,in_domain,mHSC-GM500,mHSC-GM500,lr,449/500,0.7135173501577285,0.7689490353364183
mHSC-GM500,minus,in_domain,mHSC-GM500,mHSC-GM500,mlp,449/500,0.7290694006309149,0.810313893320109
mHSC-GM500,baseline,in_domain,mHSC-GM500,mHSC-GM500,lr,449/500,0.7084542586750788,0.7766542169412671
mHSC-GM500,baseline,in_domain,mHSC-GM500,mHSC-GM500,mlp,449/500,0.7438170347003155,0.8231978577514298
mHSC-GM500,scGPT_human,in_domain,mHSC-GM500,mHSC-GM500,lr,449/500,0.6959463722397476,0.7387639913497912
mHSC-GM500,scGPT_human,in_domain,mHSC-GM500,mHSC-GM500,mlp,449/500,0.7471135646687695,0.8115148358580407
mHSC-GM500,v4_bias_rec_best,in_domain,mHSC-GM500,mHSC-GM500,lr,449/500,0.7291009463722398,0.7973600178014746
mHSC-GM500,v4_bias_rec_best,in_domain,mHSC-GM500,mHSC-GM500,mlp,449/500,0.7453470031545741,0.8160338767296381
mHSC-GM500,v4_plain_best,in_domain,mHSC-GM500,mHSC-GM500,lr,449/500,0.7279337539432177,0.7833536617550443
mHSC-GM500,v4_plain_best,in_domain,mHSC-GM500,mHSC-GM500,mlp,449/500,0.7271451104100946,0.8092317922392391
mHSC-GM500,v4_type_pe_best,in_domain,mHSC-GM500,mHSC-GM500,lr,449/500,0.742018927444795,0.7995047128891871
mHSC-GM500,v4_type_pe_best,in_domain,mHSC-GM500,mHSC-GM500,mlp,449/500,0.7510567823343848,0.822102311950903
mHSC-GM500,scconcept,in_domain,mHSC-GM500,mHSC-GM500,lr,449/500,0.6484700315457413,0.7017932477371506
mHSC-GM500,scconcept,in_domain,mHSC-GM500,mHSC-GM500,mlp,449/500,0.6924132492113565,0.7638013880011021
mHSC-GM500,scconcept_encoded,in_domain,mHSC-GM500,mHSC-GM500,lr,449/500,0.6801892744479495,0.747732956669396
mHSC-GM500,scconcept_encoded,in_domain,mHSC-GM500,mHSC-GM500,mlp,449/500,0.6501419558359621,0.7518310006610338
mHSC-GM500,cl_scratch_v5,in_domain,mHSC-GM500,mHSC-GM500,lr,449/500,0.7238801261829653,0.7986426430179413
mHSC-GM500,cl_scratch_v5,in_domain,mHSC-GM500,mHSC-GM500,mlp,449/500,0.7386119873817035,0.8141623955805117
mHSC-GM500,random_256,in_domain,mHSC-GM500,mHSC-GM500,lr,500/500,0.6789589905362776,0.7618802149005124
mHSC-GM500,random_256,in_domain,mHSC-GM500,mHSC-GM500,mlp,500/500,0.6510094637223974,0.7617281320850706
mHSC-L500,minus,in_domain,mHSC-L500,mHSC-L500,lr,442/500,0.7489013124458129,0.8118311677282873
mHSC-L500,minus,in_domain,mHSC-L500,mHSC-L500,mlp,442/500,0.7715427466690584,0.8419739997547472
mHSC-L500,baseline,in_domain,mHSC-L500,mHSC-L500,lr,442/500,0.7396733335326418,0.8070175977003481
mHSC-L500,baseline,in_domain,mHSC-L500,mHSC-L500,mlp,442/500,0.7434900893898174,0.8200286067549272
mHSC-L500,scGPT_human,in_domain,mHSC-L500,mHSC-L500,lr,442/500,0.7336043927571327,0.8090482381880862
mHSC-L500,scGPT_human,in_domain,mHSC-L500,mHSC-L500,mlp,442/500,0.7699881411502087,0.8285945530752937
mHSC-L500,v4_bias_rec_best,in_domain,mHSC-L500,mHSC-L500,lr,442/500,0.7287910949006947,0.7921597782508171
mHSC-L500,v4_bias_rec_best,in_domain,mHSC-L500,mHSC-L500,mlp,442/500,0.7528177225029149,0.8148297986169186
mHSC-L500,v4_plain_best,in_domain,mHSC-L500,mHSC-L500,lr,442/500,0.7466790237874574,0.8122353580800536
mHSC-L500,v4_plain_best,in_domain,mHSC-L500,mHSC-L500,mlp,442/500,0.7760670473457104,0.8411635852978965
mHSC-L500,v4_type_pe_best,in_domain,mHSC-L500,mHSC-L500,lr,442/500,0.7355775459156727,0.8161366720745905
mHSC-L500,v4_type_pe_best,in_domain,mHSC-L500,mHSC-L500,mlp,442/500,0.7662610740729667,0.8410153851238273
mHSC-L500,scconcept,in_domain,mHSC-L500,mHSC-L500,lr,442/500,0.7202009028670512,0.7907106482963748
mHSC-L500,scconcept,in_domain,mHSC-L500,mHSC-L500,mlp,442/500,0.7168226254895511,0.7987802014908585
mHSC-L500,scconcept_encoded,in_domain,mHSC-L500,mHSC-L500,lr,442/500,0.704614985998585,0.7847769596669147
mHSC-L500,scconcept_encoded,in_domain,mHSC-L500,mHSC-L500,mlp,442/500,0.7024674379901741,0.7797261758386792
mHSC-L500,cl_scratch_v5,in_domain,mHSC-L500,mHSC-L500,lr,442/500,0.7262000857026121,0.8008342677896634
mHSC-L500,cl_scratch_v5,in_domain,mHSC-L500,mHSC-L500,mlp,442/500,0.7874525396872851,0.8576131496532635
mHSC-L500,random_256,in_domain,mHSC-L500,mHSC-L500,lr,500/500,0.6978385004035995,0.7965498280618197
mHSC-L500,random_256,in_domain,mHSC-L500,mHSC-L500,mlp,500/500,0.7119694659531426,0.8035265790590865
hHep500->mHSC-E500,minus,transfer,hHep500,mHSC-E500,lr,487/500->457/500,0.5506438510068273,0.6846444807823333
hHep500->mHSC-E500,baseline,transfer,hHep500,mHSC-E500,lr,487/500->457/500,0.5438812548612911,0.697287568049853
hHep500->mHSC-E500,scGPT_human,transfer,hHep500,mHSC-E500,lr,487/500->457/500,0.5331648085731571,0.6850031112712989
hHep500->mHSC-E500,v4_bias_rec_best,transfer,hHep500,mHSC-E500,lr,487/500->457/500,0.4975153400743238,0.6320184814171763
hHep500->mHSC-E500,v4_plain_best,transfer,hHep500,mHSC-E500,lr,487/500->457/500,0.4504796473943478,0.5982210269704515
hHep500->mHSC-E500,v4_type_pe_best,transfer,hHep500,mHSC-E500,lr,487/500->457/500,0.5504710050989543,0.7117058792642025
hHep500->mHSC-E500,scconcept,transfer,hHep500,mHSC-E500,lr,487/500->457/500,0.5593293578774522,0.6707785662811103
hHep500->mHSC-E500,scconcept_encoded,transfer,hHep500,mHSC-E500,lr,487/500->457/500,0.5046884452510587,0.6272735980888344
hHep500->mHSC-E500,cl_scratch_v5,transfer,hHep500,mHSC-E500,lr,487/500->457/500,0.4513222711952294,0.6203603528878547
hHep500->mHSC-GM500,minus,transfer,hHep500,mHSC-GM500,lr,487/500->449/500,0.5401892744479496,0.6243476658567035
hHep500->mHSC-GM500,baseline,transfer,hHep500,mHSC-GM500,lr,487/500->449/500,0.4844794952681388,0.6097750319641748
hHep500->mHSC-GM500,scGPT_human,transfer,hHep500,mHSC-GM500,lr,487/500->449/500,0.5873343848580441,0.7005568204577228
hHep500->mHSC-GM500,v4_bias_rec_best,transfer,hHep500,mHSC-GM500,lr,487/500->449/500,0.5294637223974764,0.6466426416951396
hHep500->mHSC-GM500,v4_plain_best,transfer,hHep500,mHSC-GM500,lr,487/500->449/500,0.4631861198738171,0.5817746083065739
hHep500->mHSC-GM500,v4_type_pe_best,transfer,hHep500,mHSC-GM500,lr,487/500->449/500,0.5060410094637224,0.6290567726000158
hHep500->mHSC-GM500,scconcept,transfer,hHep500,mHSC-GM500,lr,487/500->449/500,0.5450788643533122,0.6380831316759809
hHep500->mHSC-GM500,scconcept_encoded,transfer,hHep500,mHSC-GM500,lr,487/500->449/500,0.5278548895899053,0.6269039534508689
hHep500->mHSC-GM500,cl_scratch_v5,transfer,hHep500,mHSC-GM500,lr,487/500->449/500,0.508769716088328,0.6229467941163076
hHep500->mHSC-L500,minus,transfer,hHep500,mHSC-L500,lr,487/500->442/500,0.5036672745572862,0.6115066234040984
hHep500->mHSC-L500,baseline,transfer,hHep500,mHSC-L500,lr,487/500->442/500,0.4711899708013194,0.616721822721746
hHep500->mHSC-L500,scGPT_human,transfer,hHep500,mHSC-L500,lr,487/500->442/500,0.5214804627941044,0.65313099580864
hHep500->mHSC-L500,v4_bias_rec_best,transfer,hHep500,mHSC-L500,lr,487/500->442/500,0.4859039134204311,0.6041129443171906
hHep500->mHSC-L500,v4_plain_best,transfer,hHep500,mHSC-L500,lr,487/500->442/500,0.5104786391222458,0.6256902341634658
hHep500->mHSC-L500,v4_type_pe_best,transfer,hHep500,mHSC-L500,lr,487/500->442/500,0.4932085662750256,0.6242033618491851
hHep500->mHSC-L500,scconcept,transfer,hHep500,mHSC-L500,lr,487/500->442/500,0.5184160961463721,0.6223173172464489
hHep500->mHSC-L500,scconcept_encoded,transfer,hHep500,mHSC-L500,lr,487/500->442/500,0.5047485226264861,0.6177927652975892
hHep500->mHSC-L500,cl_scratch_v5,transfer,hHep500,mHSC-L500,lr,487/500->442/500,0.5322132201261622,0.6634408679697439
mHSC-E500->hHep500,minus,transfer,mHSC-E500,hHep500,lr,457/500->487/500,1.0,1.0
mHSC-E500->hHep500,minus,transfer,mHSC-E500,hHep500,mlp,457/500->487/500,1.0,1.0
mHSC-E500->hHep500,baseline,transfer,mHSC-E500,hHep500,lr,457/500->487/500,1.0,1.0
mHSC-E500->hHep500,baseline,transfer,mHSC-E500,hHep500,mlp,457/500->487/500,1.0,1.0
mHSC-E500->hHep500,scGPT_human,transfer,mHSC-E500,hHep500,lr,457/500->487/500,0.0,0.5
mHSC-E500->hHep500,scGPT_human,transfer,mHSC-E500,hHep500,mlp,457/500->487/500,0.0,0.5
mHSC-E500->hHep500,v4_bias_rec_best,transfer,mHSC-E500,hHep500,lr,457/500->487/500,1.0,1.0
mHSC-E500->hHep500,v4_bias_rec_best,transfer,mHSC-E500,hHep500,mlp,457/500->487/500,1.0,1.0
mHSC-E500->hHep500,v4_plain_best,transfer,mHSC-E500,hHep500,lr,457/500->487/500,0.0,0.5
mHSC-E500->hHep500,v4_plain_best,transfer,mHSC-E500,hHep500,mlp,457/500->487/500,0.0,0.5
mHSC-E500->hHep500,v4_type_pe_best,transfer,mHSC-E500,hHep500,lr,457/500->487/500,0.0,0.5
mHSC-E500->hHep500,v4_type_pe_best,transfer,mHSC-E500,hHep500,mlp,457/500->487/500,1.0,1.0
mHSC-E500->hHep500,scconcept,transfer,mHSC-E500,hHep500,lr,457/500->487/500,0.0,0.5
mHSC-E500->hHep500,scconcept,transfer,mHSC-E500,hHep500,mlp,457/500->487/500,0.0,0.5
mHSC-E500->hHep500,scconcept_encoded,transfer,mHSC-E500,hHep500,lr,457/500->487/500,0.0,0.5
mHSC-E500->hHep500,scconcept_encoded,transfer,mHSC-E500,hHep500,mlp,457/500->487/500,0.0,0.5
mHSC-E500->hHep500,cl_scratch_v5,transfer,mHSC-E500,hHep500,lr,457/500->487/500,0.0,0.5
mHSC-E500->hHep500,cl_scratch_v5,transfer,mHSC-E500,hHep500,mlp,457/500->487/500,0.0,0.5
mHSC-E500->mHSC-GM500,minus,transfer,mHSC-E500,mHSC-GM500,lr,457/500->449/500,0.6231230283911672,0.6946660302421382
mHSC-E500->mHSC-GM500,minus,transfer,mHSC-E500,mHSC-GM500,mlp,457/500->449/500,0.6446372239747635,0.7480938863324451
mHSC-E500->mHSC-GM500,baseline,transfer,mHSC-E500,mHSC-GM500,lr,457/500->449/500,0.6586277602523659,0.7517662300943884
mHSC-E500->mHSC-GM500,baseline,transfer,mHSC-E500,mHSC-GM500,mlp,457/500->449/500,0.7016088328075709,0.8069133201621161
mHSC-E500->mHSC-GM500,scGPT_human,transfer,mHSC-E500,mHSC-GM500,lr,457/500->449/500,0.639069400630915,0.7277503141943762
mHSC-E500->mHSC-GM500,scGPT_human,transfer,mHSC-E500,mHSC-GM500,mlp,457/500->449/500,0.6934384858044165,0.7951409764042541
mHSC-E500->mHSC-GM500,v4_bias_rec_best,transfer,mHSC-E500,mHSC-GM500,lr,457/500->449/500,0.5645899053627761,0.6544817365225302
mHSC-E500->mHSC-GM500,v4_bias_rec_best,transfer,mHSC-E500,mHSC-GM500,mlp,457/500->449/500,0.6564668769716089,0.7838450867546584
mHSC-E500->mHSC-GM500,v4_plain_best,transfer,mHSC-E500,mHSC-GM500,lr,457/500->449/500,0.6375867507886437,0.7146268623049871
mHSC-E500->mHSC-GM500,v4_plain_best,transfer,mHSC-E500,mHSC-GM500,mlp,457/500->449/500,0.6363406940063092,0.7619484468032449
mHSC-E500->mHSC-GM500,v4_type_pe_best,transfer,mHSC-E500,mHSC-GM500,lr,457/500->449/500,0.615173501577287,0.6997663292412865
mHSC-E500->mHSC-GM500,v4_type_pe_best,transfer,mHSC-E500,mHSC-GM500,mlp,457/500->449/500,0.6909305993690853,0.7897647905352349
mHSC-E500->mHSC-GM500,scconcept,transfer,mHSC-E500,mHSC-GM500,lr,457/500->449/500,0.5718611987381703,0.6474960261162441
mHSC-E500->mHSC-GM500,scconcept,transfer,mHSC-E500,mHSC-GM500,mlp,457/500->449/500,0.6372870662460568,0.7373889831700944
mHSC-E500->mHSC-GM500,scconcept_encoded,transfer,mHSC-E500,mHSC-GM500,lr,457/500->449/500,0.5796529968454258,0.6581032141729802
mHSC-E500->mHSC-GM500,scconcept_encoded,transfer,mHSC-E500,mHSC-GM500,mlp,457/500->449/500,0.5707255520504733,0.6994969146874952
mHSC-E500->mHSC-GM500,cl_scratch_v5,transfer,mHSC-E500,mHSC-GM500,lr,457/500->449/500,0.5950473186119873,0.6825533949057245
mHSC-E500->mHSC-GM500,cl_scratch_v5,transfer,mHSC-E500,mHSC-GM500,mlp,457/500->449/500,0.6668769716088329,0.7802578559380953
mHSC-E500->mHSC-L500,minus,transfer,mHSC-E500,mHSC-L500,lr,457/500->442/500,0.5925438727615175,0.6722180096950743
mHSC-E500->mHSC-L500,minus,transfer,mHSC-E500,mHSC-L500,mlp,457/500->442/500,0.627183672655884,0.7386706536788534
mHSC-E500->mHSC-L500,baseline,transfer,mHSC-E500,mHSC-L500,lr,457/500->442/500,0.5783232184320408,0.6557474632447104
mHSC-E500->mHSC-L500,baseline,transfer,mHSC-E500,mHSC-L500,mlp,457/500->442/500,0.6812759723758558,0.7789896565072654
mHSC-E500->mHSC-L500,scGPT_human,transfer,mHSC-E500,mHSC-L500,lr,457/500->442/500,0.6532332805166073,0.7382077911439779
mHSC-E500->mHSC-L500,scGPT_human,transfer,mHSC-E500,mHSC-L500,mlp,457/500->442/500,0.6882816626306716,0.7841153603084456
mHSC-E500->mHSC-L500,v4_bias_rec_best,transfer,mHSC-E500,mHSC-L500,lr,457/500->442/500,0.5672018097202707,0.6604883296209386
mHSC-E500->mHSC-L500,v4_bias_rec_best,transfer,mHSC-E500,mHSC-L500,mlp,457/500->442/500,0.6477423341006707,0.7613236678441786
mHSC-E500->mHSC-L500,v4_plain_best,transfer,mHSC-E500,mHSC-L500,lr,457/500->442/500,0.6103022511883762,0.6827222939394899
mHSC-E500->mHSC-L500,v4_plain_best,transfer,mHSC-E500,mHSC-L500,mlp,457/500->442/500,0.6490777003796825,0.76698606733876
mHSC-E500->mHSC-L500,v4_type_pe_best,transfer,mHSC-E500,mHSC-L500,lr,457/500->442/500,0.6078308270302051,0.6764131453530466
mHSC-E500->mHSC-L500,v4_type_pe_best,transfer,mHSC-E500,mHSC-L500,mlp,457/500->442/500,0.6867569533717999,0.7852796377543939
mHSC-E500->mHSC-L500,scconcept,transfer,mHSC-E500,mHSC-L500,lr,457/500->442/500,0.5845117442474612,0.6824987899988073
mHSC-E500->mHSC-L500,scconcept,transfer,mHSC-E500,mHSC-L500,mlp,457/500->442/500,0.6549572981753315,0.760608156711016
mHSC-E500->mHSC-L500,scconcept_encoded,transfer,mHSC-E500,mHSC-L500,lr,457/500->442/500,0.5620895492640537,0.6480972953797358
mHSC-E500->mHSC-L500,scconcept_encoded,transfer,mHSC-E500,mHSC-L500,mlp,457/500->442/500,0.5883285001046369,0.7342130221643134
mHSC-E500->mHSC-L500,cl_scratch_v5,transfer,mHSC-E500,mHSC-L500,lr,457/500->442/500,0.611587790367425,0.6828514275242691
mHSC-E500->mHSC-L500,cl_scratch_v5,transfer,mHSC-E500,mHSC-L500,mlp,457/500->442/500,0.694629635165974,0.7618652810931377
mHSC-GM500->hHep500,minus,transfer,mHSC-GM500,hHep500,lr,449/500->487/500,0.0,0.5
mHSC-GM500->hHep500,minus,transfer,mHSC-GM500,hHep500,mlp,449/500->487/500,0.0,0.5
mHSC-GM500->hHep500,baseline,transfer,mHSC-GM500,hHep500,lr,449/500->487/500,1.0,1.0
mHSC-GM500->hHep500,baseline,transfer,mHSC-GM500,hHep500,mlp,449/500->487/500,1.0,1.0
mHSC-GM500->hHep500,scGPT_human,transfer,mHSC-GM500,hHep500,lr,449/500->487/500,1.0,1.0
mHSC-GM500->hHep500,scGPT_human,transfer,mHSC-GM500,hHep500,mlp,449/500->487/500,1.0,1.0
mHSC-GM500->hHep500,v4_bias_rec_best,transfer,mHSC-GM500,hHep500,lr,449/500->487/500,1.0,1.0
mHSC-GM500->hHep500,v4_bias_rec_best,transfer,mHSC-GM500,hHep500,mlp,449/500->487/500,1.0,1.0
mHSC-GM500->hHep500,v4_plain_best,transfer,mHSC-GM500,hHep500,lr,449/500->487/500,1.0,1.0
mHSC-GM500->hHep500,v4_plain_best,transfer,mHSC-GM500,hHep500,mlp,449/500->487/500,1.0,1.0
mHSC-GM500->hHep500,v4_type_pe_best,transfer,mHSC-GM500,hHep500,lr,449/500->487/500,0.0,0.5
mHSC-GM500->hHep500,v4_type_pe_best,transfer,mHSC-GM500,hHep500,mlp,449/500->487/500,1.0,1.0
mHSC-GM500->hHep500,scconcept,transfer,mHSC-GM500,hHep500,lr,449/500->487/500,1.0,1.0
mHSC-GM500->hHep500,scconcept,transfer,mHSC-GM500,hHep500,mlp,449/500->487/500,0.0,0.5
mHSC-GM500->hHep500,scconcept_encoded,transfer,mHSC-GM500,hHep500,lr,449/500->487/500,1.0,1.0
mHSC-GM500->hHep500,scconcept_encoded,transfer,mHSC-GM500,hHep500,mlp,449/500->487/500,0.0,0.5
mHSC-GM500->hHep500,cl_scratch_v5,transfer,mHSC-GM500,hHep500,lr,449/500->487/500,1.0,1.0
mHSC-GM500->hHep500,cl_scratch_v5,transfer,mHSC-GM500,hHep500,mlp,449/500->487/500,0.0,0.5
mHSC-GM500->mHSC-E500,minus,transfer,mHSC-GM500,mHSC-E500,lr,449/500->457/500,0.6895255379828883,0.7809209625416202
mHSC-GM500->mHSC-E500,minus,transfer,mHSC-GM500,mHSC-E500,mlp,449/500->457/500,0.7371013741249676,0.8256617821409381
mHSC-GM500->mHSC-E500,baseline,transfer,mHSC-GM500,mHSC-E500,lr,449/500->457/500,0.6741854636591479,0.7694617802757959
mHSC-GM500->mHSC-E500,baseline,transfer,mHSC-GM500,mHSC-E500,mlp,449/500->457/500,0.7495894909688013,0.8309937831832287
mHSC-GM500->mHSC-E500,scGPT_human,transfer,mHSC-GM500,mHSC-E500,lr,449/500->457/500,0.6165629591219428,0.7136148216067335
mHSC-GM500->mHSC-E500,scGPT_human,transfer,mHSC-GM500,mHSC-E500,mlp,449/500->457/500,0.7380520266182697,0.8343995512301818
mHSC-GM500->mHSC-E500,v4_bias_rec_best,transfer,mHSC-GM500,mHSC-E500,lr,449/500->457/500,0.6553452597009767,0.7534543117728185
mHSC-GM500->mHSC-E500,v4_bias_rec_best,transfer,mHSC-GM500,mHSC-E500,mlp,449/500->457/500,0.7618615504277937,0.842992162997295
mHSC-GM500->mHSC-E500,v4_plain_best,transfer,mHSC-GM500,mHSC-E500,lr,449/500->457/500,0.6637931034482759,0.7382898803701798
mHSC-GM500->mHSC-E500,v4_plain_best,transfer,mHSC-GM500,mHSC-E500,mlp,449/500->457/500,0.707976838648345,0.7962708290904889
mHSC-GM500->mHSC-E500,v4_type_pe_best,transfer,mHSC-GM500,mHSC-E500,lr,449/500->457/500,0.5952597009765793,0.6776233550687614
mHSC-GM500->mHSC-E500,v4_type_pe_best,transfer,mHSC-GM500,mHSC-E500,mlp,449/500->457/500,0.7260608417595713,0.832341919835862
mHSC-GM500->mHSC-E500,scconcept,transfer,mHSC-GM500,mHSC-E500,lr,449/500->457/500,0.7051464869069226,0.7908892864613187
mHSC-GM500->mHSC-E500,scconcept,transfer,mHSC-GM500,mHSC-E500,mlp,449/500->457/500,0.760997320888428,0.8193138672369116
mHSC-GM500->mHSC-E500,scconcept_encoded,transfer,mHSC-GM500,mHSC-E500,lr,449/500->457/500,0.6478264627084953,0.7274865208753059
mHSC-GM500->mHSC-E500,scconcept_encoded,transfer,mHSC-GM500,mHSC-E500,mlp,449/500->457/500,0.6396162820845217,0.7728547178273254
mHSC-GM500->mHSC-E500,cl_scratch_v5,transfer,mHSC-GM500,mHSC-E500,lr,449/500->457/500,0.6209921355111918,0.7118113919009983
mHSC-GM500->mHSC-E500,cl_scratch_v5,transfer,mHSC-GM500,mHSC-E500,mlp,449/500->457/500,0.7255206982974679,0.8249409967152244
mHSC-GM500->mHSC-L500,minus,transfer,mHSC-GM500,mHSC-L500,lr,449/500->442/500,0.7133646247521102,0.7834977179250386
mHSC-GM500->mHSC-L500,minus,transfer,mHSC-GM500,mHSC-L500,mlp,449/500->442/500,0.8188685262140372,0.874165958107406
mHSC-GM500->mHSC-L500,baseline,transfer,mHSC-GM500,mHSC-L500,lr,449/500->442/500,0.7364644682950163,0.7870683499276638
mHSC-GM500->mHSC-L500,baseline,transfer,mHSC-GM500,mHSC-L500,mlp,449/500->442/500,0.7749708511465214,0.8397986218099671
mHSC-GM500->mHSC-L500,scGPT_human,transfer,mHSC-GM500,mHSC-L500,lr,449/500->442/500,0.7537345411422364,0.7896709333622696
mHSC-GM500->mHSC-L500,scGPT_human,transfer,mHSC-GM500,mHSC-L500,mlp,449/500->442/500,0.8218581522118249,0.8709863318116099
mHSC-GM500->mHSC-L500,v4_bias_rec_best,transfer,mHSC-GM500,mHSC-L500,lr,449/500->442/500,0.6988549732428475,0.7630500620023942
mHSC-GM500->mHSC-L500,v4_bias_rec_best,transfer,mHSC-GM500,mHSC-L500,mlp,449/500->442/500,0.8060729269435061,0.8632655605062645
mHSC-GM500->mHSC-L500,v4_plain_best,transfer,mHSC-GM500,mHSC-L500,lr,449/500->442/500,0.7469480901272584,0.8024409367249663
mHSC-GM500->mHSC-L500,v4_plain_best,transfer,mHSC-GM500,mHSC-L500,mlp,449/500->442/500,0.8035118140054014,0.863135500259689
mHSC-GM500->mHSC-L500,v4_type_pe_best,transfer,mHSC-GM500,mHSC-L500,lr,449/500->442/500,0.7295285359801489,0.7888138571323247
mHSC-GM500->mHSC-L500,v4_type_pe_best,transfer,mHSC-GM500,mHSC-L500,mlp,449/500->442/500,0.7941144229523553,0.8639521833411399
mHSC-GM500->mHSC-L500,scconcept,transfer,mHSC-GM500,mHSC-L500,lr,449/500->442/500,0.7200713524071473,0.7551027793664415
mHSC-GM500->mHSC-L500,scconcept,transfer,mHSC-GM500,mHSC-L500,mlp,449/500->442/500,0.8031331280456815,0.8512939368826268
mHSC-GM500->mHSC-L500,scconcept_encoded,transfer,mHSC-GM500,mHSC-L500,lr,449/500->442/500,0.7249643736235264,0.7736870386042964
mHSC-GM500->mHSC-L500,scconcept_encoded,transfer,mHSC-GM500,mHSC-L500,mlp,449/500->442/500,0.7119096734331868,0.8052339054334073
mHSC-GM500->mHSC-L500,cl_scratch_v5,transfer,mHSC-GM500,mHSC-L500,lr,449/500->442/500,0.7688919449510199,0.8098109018160048
mHSC-GM500->mHSC-L500,cl_scratch_v5,transfer,mHSC-GM500,mHSC-L500,mlp,449/500->442/500,0.8044983905846711,0.875995634449646
mHSC-L500->hHep500,minus,transfer,mHSC-L500,hHep500,lr,442/500->487/500,0.0,0.5
mHSC-L500->hHep500,minus,transfer,mHSC-L500,hHep500,mlp,442/500->487/500,1.0,1.0
mHSC-L500->hHep500,baseline,transfer,mHSC-L500,hHep500,lr,442/500->487/500,1.0,1.0
mHSC-L500->hHep500,baseline,transfer,mHSC-L500,hHep500,mlp,442/500->487/500,1.0,1.0
mHSC-L500->hHep500,scGPT_human,transfer,mHSC-L500,hHep500,lr,442/500->487/500,0.0,0.5
mHSC-L500->hHep500,scGPT_human,transfer,mHSC-L500,hHep500,mlp,442/500->487/500,0.0,0.5
mHSC-L500->hHep500,v4_bias_rec_best,transfer,mHSC-L500,hHep500,lr,442/500->487/500,1.0,1.0
mHSC-L500->hHep500,v4_bias_rec_best,transfer,mHSC-L500,hHep500,mlp,442/500->487/500,1.0,1.0
mHSC-L500->hHep500,v4_plain_best,transfer,mHSC-L500,hHep500,lr,442/500->487/500,0.0,0.5
mHSC-L500->hHep500,v4_plain_best,transfer,mHSC-L500,hHep500,mlp,442/500->487/500,1.0,1.0
mHSC-L500->hHep500,v4_type_pe_best,transfer,mHSC-L500,hHep500,lr,442/500->487/500,1.0,1.0
mHSC-L500->hHep500,v4_type_pe_best,transfer,mHSC-L500,hHep500,mlp,442/500->487/500,1.0,1.0
mHSC-L500->hHep500,scconcept,transfer,mHSC-L500,hHep500,lr,442/500->487/500,1.0,1.0
mHSC-L500->hHep500,scconcept,transfer,mHSC-L500,hHep500,mlp,442/500->487/500,0.0,0.5
mHSC-L500->hHep500,scconcept_encoded,transfer,mHSC-L500,hHep500,lr,442/500->487/500,0.0,0.5
mHSC-L500->hHep500,scconcept_encoded,transfer,mHSC-L500,hHep500,mlp,442/500->487/500,0.0,0.5
mHSC-L500->hHep500,cl_scratch_v5,transfer,mHSC-L500,hHep500,lr,442/500->487/500,1.0,1.0
mHSC-L500->hHep500,cl_scratch_v5,transfer,mHSC-L500,hHep500,mlp,442/500->487/500,1.0,1.0
mHSC-L500->mHSC-E500,minus,transfer,mHSC-L500,mHSC-E500,lr,442/500->457/500,0.6686111831302395,0.7599214249903194
mHSC-L500->mHSC-E500,minus,transfer,mHSC-L500,mHSC-E500,mlp,442/500->457/500,0.7344654740299024,0.8187191417632523
mHSC-L500->mHSC-E500,baseline,transfer,mHSC-L500,mHSC-E500,lr,442/500->457/500,0.679111572033532,0.7848657694833492
mHSC-L500->mHSC-E500,baseline,transfer,mHSC-L500,mHSC-E500,mlp,442/500->457/500,0.7476233687667444,0.829218190213507
mHSC-L500->mHSC-E500,scGPT_human,transfer,mHSC-L500,mHSC-E500,lr,442/500->457/500,0.6316221588453894,0.7277663566213686
mHSC-L500->mHSC-E500,scGPT_human,transfer,mHSC-L500,mHSC-E500,mlp,442/500->457/500,0.7291072508858353,0.8188223581083329
mHSC-L500->mHSC-E500,v4_bias_rec_best,transfer,mHSC-L500,mHSC-E500,lr,442/500->457/500,0.6562527007173105,0.7494900865094847
mHSC-L500->mHSC-E500,v4_bias_rec_best,transfer,mHSC-L500,mHSC-E500,mlp,442/500->457/500,0.6979301702532192,0.7815623129728095
mHSC-L500->mHSC-E500,v4_plain_best,transfer,mHSC-L500,mHSC-E500,lr,442/500->457/500,0.6057816956183563,0.6973325969207835
mHSC-L500->mHSC-E500,v4_plain_best,transfer,mHSC-L500,mHSC-E500,mlp,442/500->457/500,0.7138535995160313,0.8028933378600495
mHSC-L500->mHSC-E500,v4_type_pe_best,transfer,mHSC-L500,mHSC-E500,lr,442/500->457/500,0.6044637455708236,0.7087846011457593
mHSC-L500->mHSC-E500,v4_type_pe_best,transfer,mHSC-L500,mHSC-E500,mlp,442/500->457/500,0.7452251317950047,0.8246799326912725
mHSC-L500->mHSC-E500,scconcept,transfer,mHSC-L500,mHSC-E500,lr,442/500->457/500,0.5969017371013742,0.7009778501058742
mHSC-L500->mHSC-E500,scconcept,transfer,mHSC-L500,mHSC-E500,mlp,442/500->457/500,0.7024025581194365,0.8039988847438472
mHSC-L500->mHSC-E500,scconcept_encoded,transfer,mHSC-L500,mHSC-E500,lr,442/500->457/500,0.6114856105781695,0.711247652172947
mHSC-L500->mHSC-E500,scconcept_encoded,transfer,mHSC-L500,mHSC-E500,mlp,442/500->457/500,0.6379310344827587,0.754479410511976
mHSC-L500->mHSC-E500,cl_scratch_v5,transfer,mHSC-L500,mHSC-E500,lr,442/500->457/500,0.6033618529081324,0.7020632593916122
mHSC-L500->mHSC-E500,cl_scratch_v5,transfer,mHSC-L500,mHSC-E500,mlp,442/500->457/500,0.717461757842883,0.7915327353796155
mHSC-L500->mHSC-GM500,minus,transfer,mHSC-L500,mHSC-GM500,lr,442/500->449/500,0.7600630914826498,0.8103837970748666
mHSC-L500->mHSC-GM500,minus,transfer,mHSC-L500,mHSC-GM500,mlp,442/500->449/500,0.8460094637223975,0.8752899091857512
mHSC-L500->mHSC-GM500,baseline,transfer,mHSC-L500,mHSC-GM500,lr,442/500->449/500,0.7652839116719243,0.8147551108798285
mHSC-L500->mHSC-GM500,baseline,transfer,mHSC-L500,mHSC-GM500,mlp,442/500->449/500,0.8698422712933754,0.9041699613819234
mHSC-L500->mHSC-GM500,scGPT_human,transfer,mHSC-L500,mHSC-GM500,lr,442/500->449/500,0.8210410094637223,0.851429866969966
mHSC-L500->mHSC-GM500,scGPT_human,transfer,mHSC-L500,mHSC-GM500,mlp,442/500->449/500,0.8955835962145111,0.930260764880218
mHSC-L500->mHSC-GM500,v4_bias_rec_best,transfer,mHSC-L500,mHSC-GM500,lr,442/500->449/500,0.7619400630914827,0.8106679207505147
mHSC-L500->mHSC-GM500,v4_bias_rec_best,transfer,mHSC-L500,mHSC-GM500,mlp,442/500->449/500,0.8821293375394321,0.9153236375165316
mHSC-L500->mHSC-GM500,v4_plain_best,transfer,mHSC-L500,mHSC-GM500,lr,442/500->449/500,0.7665615141955835,0.8010885330576871
mHSC-L500->mHSC-GM500,v4_plain_best,transfer,mHSC-L500,mHSC-GM500,mlp,442/500->449/500,0.8865299684542586,0.90417729350741
mHSC-L500->mHSC-GM500,v4_type_pe_best,transfer,mHSC-L500,mHSC-GM500,lr,442/500->449/500,0.7796529968454259,0.8150982122890555
mHSC-L500->mHSC-GM500,v4_type_pe_best,transfer,mHSC-L500,mHSC-GM500,mlp,442/500->449/500,0.857634069400631,0.8947586807616279
mHSC-L500->mHSC-GM500,scconcept,transfer,mHSC-L500,mHSC-GM500,lr,442/500->449/500,0.7517507886435332,0.7733046202846381
mHSC-L500->mHSC-GM500,scconcept,transfer,mHSC-L500,mHSC-GM500,mlp,442/500->449/500,0.8554889589905362,0.8705352052456174
mHSC-L500->mHSC-GM500,scconcept_encoded,transfer,mHSC-L500,mHSC-GM500,lr,442/500->449/500,0.7683753943217667,0.8100533860469137
mHSC-L500->mHSC-GM500,scconcept_encoded,transfer,mHSC-L500,mHSC-GM500,mlp,442/500->449/500,0.832705047318612,0.8616320658555032
mHSC-L500->mHSC-GM500,cl_scratch_v5,transfer,mHSC-L500,mHSC-GM500,lr,442/500->449/500,0.786545741324921,0.841647746674475
mHSC-L500->mHSC-GM500,cl_scratch_v5,transfer,mHSC-L500,mHSC-GM500,mlp,442/500->449/500,0.8938958990536277,0.923766480388807
hHep500,cl_v6_fair,in_domain,hHep500,hHep500,lr,487/500,1.0,1.0
mHSC-E500,cl_v6_fair,in_domain,mHSC-E500,mHSC-E500,lr,457/500,0.6715927750410509,0.7840555646544316
mHSC-E500,cl_v6_fair,in_domain,mHSC-E500,mHSC-E500,mlp,457/500,0.6993777547316566,0.8126011927267585
mHSC-GM500,cl_v6_fair,in_domain,mHSC-GM500,mHSC-GM500,lr,449/500,0.7080757097791799,0.7812475698103479
mHSC-GM500,cl_v6_fair,in_domain,mHSC-GM500,mHSC-GM500,mlp,449/500,0.7341009463722398,0.8081914911107411
mHSC-L500,cl_v6_fair,in_domain,mHSC-L500,mHSC-L500,lr,442/500,0.7261801548626267,0.8030176604498003
mHSC-L500,cl_v6_fair,in_domain,mHSC-L500,mHSC-L500,mlp,442/500,0.7732966605877605,0.8419054373562225
hHep500->mHSC-E500,cl_v6_fair,transfer,hHep500,mHSC-E500,lr,487/500->457/500,0.5151240169388989,0.6579548625906005
hHep500->mHSC-GM500,cl_v6_fair,transfer,hHep500,mHSC-GM500,lr,487/500->449/500,0.4855362776025237,0.6029686938208798
hHep500->mHSC-L500,cl_v6_fair,transfer,hHep500,mHSC-L500,lr,487/500->442/500,0.5224172122734112,0.6505598822194698
mHSC-E500->hHep500,cl_v6_fair,transfer,mHSC-E500,hHep500,lr,457/500->487/500,0.0,0.5
mHSC-E500->hHep500,cl_v6_fair,transfer,mHSC-E500,hHep500,mlp,457/500->487/500,0.0,0.5
mHSC-E500->mHSC-GM500,cl_v6_fair,transfer,mHSC-E500,mHSC-GM500,lr,457/500->449/500,0.6162302839116719,0.6944916171735801
mHSC-E500->mHSC-GM500,cl_v6_fair,transfer,mHSC-E500,mHSC-GM500,mlp,457/500->449/500,0.6477444794952683,0.7803119457218635
mHSC-E500->mHSC-L500,cl_v6_fair,transfer,mHSC-E500,mHSC-L500,lr,457/500->442/500,0.5897884341335566,0.6858268151328417
mHSC-E500->mHSC-L500,cl_v6_fair,transfer,mHSC-E500,mHSC-L500,mlp,457/500->442/500,0.6886404177504061,0.7869044316363475
mHSC-GM500->hHep500,cl_v6_fair,transfer,mHSC-GM500,hHep500,lr,449/500->487/500,1.0,1.0
mHSC-GM500->hHep500,cl_v6_fair,transfer,mHSC-GM500,hHep500,mlp,449/500->487/500,0.0,0.5
mHSC-GM500->mHSC-E500,cl_v6_fair,transfer,mHSC-GM500,mHSC-E500,lr,449/500->457/500,0.6670339642208971,0.7591363794266075
mHSC-GM500->mHSC-E500,cl_v6_fair,transfer,mHSC-GM500,mHSC-E500,mlp,449/500->457/500,0.7287615590700891,0.8177751030322467
mHSC-GM500->mHSC-L500,cl_v6_fair,transfer,mHSC-GM500,mHSC-L500,lr,449/500->442/500,0.7664852960228008,0.8164986248685441
mHSC-GM500->mHSC-L500,cl_v6_fair,transfer,mHSC-GM500,mHSC-L500,mlp,449/500->442/500,0.8099096136406669,0.8738290506603765
mHSC-L500->hHep500,cl_v6_fair,transfer,mHSC-L500,hHep500,lr,442/500->487/500,1.0,1.0
mHSC-L500->hHep500,cl_v6_fair,transfer,mHSC-L500,hHep500,mlp,442/500->487/500,1.0,1.0
mHSC-L500->mHSC-E500,cl_v6_fair,transfer,mHSC-L500,mHSC-E500,lr,442/500->457/500,0.6281004234724743,0.7246036225050834
mHSC-L500->mHSC-E500,cl_v6_fair,transfer,mHSC-L500,mHSC-E500,mlp,442/500->457/500,0.7078039927404719,0.8035215667360922
mHSC-L500->mHSC-GM500,cl_v6_fair,transfer,mHSC-L500,mHSC-GM500,lr,442/500->449/500,0.7721293375394321,0.833240637442177
mHSC-L500->mHSC-GM500,cl_v6_fair,transfer,mHSC-L500,mHSC-GM500,mlp,442/500->449/500,0.8761041009463721,0.9163419699425228
