dataset,context,embedding,method,fold_id,pearson_r,mse,sign_acc,n_train,n_test
adamson,dataset::all,minus,frozen_linear,0,0.062362969915072126,1.1923104524612427,0.5307291666666667,60,15
adamson,dataset::all,minus,frozen_linear,1,0.06214936096221209,1.1861655712127686,0.5197916666666667,60,15
adamson,dataset::all,minus,frozen_linear,2,0.15801881949106852,1.52590012550354,0.57109375,60,15
adamson,dataset::all,minus,frozen_linear,3,0.15216238548358282,0.819611132144928,0.5510416666666667,60,15
adamson,dataset::all,minus,frozen_linear,4,0.21073933634907008,1.9894237518310547,0.5658854166666667,60,15
adamson,dataset::all,minus,frozen_mlp,0,-0.011258264382680258,1.3228777647018433,0.5044270833333333,60,15
adamson,dataset::all,minus,frozen_mlp,1,0.07136431522667408,1.0782126188278198,0.5096354166666667,60,15
adamson,dataset::all,minus,frozen_mlp,2,0.19052084982395173,1.3196638822555542,0.5986979166666667,60,15
adamson,dataset::all,minus,frozen_mlp,3,0.17112293156484762,0.7663636803627014,0.5559895833333334,60,15
adamson,dataset::all,minus,frozen_mlp,4,0.22385487283269564,1.8275388479232788,0.5770833333333333,60,15
adamson,dataset::all,minus,frozen_backbone_trainable_head,0,0.05799689367413521,0.9750435948371887,0.5434895833333333,60,15
adamson,dataset::all,minus,frozen_backbone_trainable_head,1,0.14145412109792233,0.9070087671279907,0.5502604166666667,60,15
adamson,dataset::all,minus,frozen_backbone_trainable_head,2,0.20985990166664123,1.2717363834381104,0.590625,60,15
adamson,dataset::all,minus,frozen_backbone_trainable_head,3,0.23814579447110493,0.5889192819595337,0.6088541666666667,60,15
adamson,dataset::all,minus,frozen_backbone_trainable_head,4,0.23221390967567762,1.7559236288070679,0.5763020833333333,60,15
adamson,dataset::all,baseline,frozen_linear,0,0.06725983396172523,1.300525426864624,0.5453125,60,15
adamson,dataset::all,baseline,frozen_linear,1,0.06185127273201942,1.2127337455749512,0.5145833333333333,60,15
adamson,dataset::all,baseline,frozen_linear,2,0.09635383561253548,1.523133397102356,0.5484375,60,15
adamson,dataset::all,baseline,frozen_linear,3,0.1514582671225071,0.8808289766311646,0.5747395833333333,60,15
adamson,dataset::all,baseline,frozen_linear,4,0.1712634526193142,2.129793405532837,0.5598958333333334,60,15
adamson,dataset::all,baseline,frozen_mlp,0,0.02834686003625393,1.253184199333191,0.5497395833333333,60,15
adamson,dataset::all,baseline,frozen_mlp,1,0.08836409412324428,0.957671582698822,0.5221354166666666,60,15
adamson,dataset::all,baseline,frozen_mlp,2,0.1468879647552967,1.3935357332229614,0.5731770833333333,60,15
adamson,dataset::all,baseline,frozen_mlp,3,0.09910216058293979,0.8110561370849609,0.5671875,60,15
adamson,dataset::all,baseline,frozen_mlp,4,0.13895725707213083,2.1915879249572754,0.5489583333333333,60,15
adamson,dataset::all,baseline,frozen_backbone_trainable_head,0,0.11414367308219274,1.126139521598816,0.5671875,60,15
adamson,dataset::all,baseline,frozen_backbone_trainable_head,1,0.1306713968515396,0.950330376625061,0.5505208333333333,60,15
adamson,dataset::all,baseline,frozen_backbone_trainable_head,2,0.21234361752867698,1.2179186344146729,0.59453125,60,15
adamson,dataset::all,baseline,frozen_backbone_trainable_head,3,0.20596520304679872,0.6436688899993896,0.6091145833333333,60,15
adamson,dataset::all,baseline,frozen_backbone_trainable_head,4,0.24860914188126723,1.8396211862564087,0.5953125,60,15
adamson,dataset::all,scGPT_human,frozen_linear,0,0.08373900453249614,1.083720326423645,0.53515625,60,15
adamson,dataset::all,scGPT_human,frozen_linear,1,0.162776671970884,0.9057693481445312,0.5536458333333333,60,15
adamson,dataset::all,scGPT_human,frozen_linear,2,0.2213227078318596,1.1160141229629517,0.57421875,60,15
adamson,dataset::all,scGPT_human,frozen_linear,3,0.1747071356823047,0.5572722554206848,0.5809895833333333,60,15
adamson,dataset::all,scGPT_human,frozen_linear,4,0.20907940566539765,2.0957467555999756,0.55234375,60,15
adamson,dataset::all,scGPT_human,frozen_mlp,0,0.07780120025078456,1.3106104135513306,0.52421875,60,15
adamson,dataset::all,scGPT_human,frozen_mlp,1,-0.015338775018850963,1.1385520696640015,0.49375,60,15
adamson,dataset::all,scGPT_human,frozen_mlp,2,0.09393329061567783,1.2281464338302612,0.5393229166666667,60,15
adamson,dataset::all,scGPT_human,frozen_mlp,3,0.0960872037957112,0.7200958728790283,0.53828125,60,15
adamson,dataset::all,scGPT_human,frozen_mlp,4,-0.003577844301859538,2.5468058586120605,0.4901041666666667,60,15
adamson,dataset::all,scGPT_human,frozen_backbone_trainable_head,0,0.07268798624475797,1.0935231447219849,0.5278645833333333,60,15
adamson,dataset::all,scGPT_human,frozen_backbone_trainable_head,1,0.1854878796885411,0.841144323348999,0.56875,60,15
adamson,dataset::all,scGPT_human,frozen_backbone_trainable_head,2,0.21725092977285385,1.14888334274292,0.5828125,60,15
adamson,dataset::all,scGPT_human,frozen_backbone_trainable_head,3,0.15694971332947413,0.5244849324226379,0.5723958333333333,60,15
adamson,dataset::all,scGPT_human,frozen_backbone_trainable_head,4,0.1982776939868927,2.1080377101898193,0.5614583333333333,60,15
adamson,dataset::all,v4_bias_rec_best,frozen_linear,0,0.1251393529276053,1.5613353252410889,0.5731770833333333,60,15
adamson,dataset::all,v4_bias_rec_best,frozen_linear,1,0.18468036279082298,1.4030174016952515,0.5778645833333333,60,15
adamson,dataset::all,v4_bias_rec_best,frozen_linear,2,0.23981000731388727,1.6129993200302124,0.6046875,60,15
adamson,dataset::all,v4_bias_rec_best,frozen_linear,3,0.19761485358079275,0.99989253282547,0.5692708333333333,60,15
adamson,dataset::all,v4_bias_rec_best,frozen_linear,4,0.17886985316872597,2.4537460803985596,0.5401041666666667,60,15
adamson,dataset::all,v4_bias_rec_best,frozen_mlp,0,0.08352263818184534,1.2878632545471191,0.54765625,60,15
adamson,dataset::all,v4_bias_rec_best,frozen_mlp,1,0.06278215299050013,1.2811896800994873,0.5375,60,15
adamson,dataset::all,v4_bias_rec_best,frozen_mlp,2,0.22291463414827983,1.393481731414795,0.5971354166666667,60,15
adamson,dataset::all,v4_bias_rec_best,frozen_mlp,3,0.13497510546197494,0.8615189790725708,0.5611979166666666,60,15
adamson,dataset::all,v4_bias_rec_best,frozen_mlp,4,0.20789146348834037,2.1250336170196533,0.5572916666666666,60,15
adamson,dataset::all,v4_bias_rec_best,frozen_backbone_trainable_head,0,0.14456064775586128,1.1123682260513306,0.5778645833333333,60,15
adamson,dataset::all,v4_bias_rec_best,frozen_backbone_trainable_head,1,0.24356015771627426,1.0403798818588257,0.6138020833333333,60,15
adamson,dataset::all,v4_bias_rec_best,frozen_backbone_trainable_head,2,0.31046635458866756,1.1819725036621094,0.6270833333333333,60,15
adamson,dataset::all,v4_bias_rec_best,frozen_backbone_trainable_head,3,0.19013619478791952,0.6519814729690552,0.5697916666666667,60,15
adamson,dataset::all,v4_bias_rec_best,frozen_backbone_trainable_head,4,0.22897194909552734,1.8747355937957764,0.5755208333333334,60,15
adamson,dataset::all,v4_plain_best,frozen_linear,0,-0.08024797141551972,1.4254661798477173,0.4895833333333333,60,15
adamson,dataset::all,v4_plain_best,frozen_linear,1,0.1553075869878133,1.217692255973816,0.56328125,60,15
adamson,dataset::all,v4_plain_best,frozen_linear,2,0.163238712400198,1.7179419994354248,0.55234375,60,15
adamson,dataset::all,v4_plain_best,frozen_linear,3,0.18642637220521768,0.9088602066040039,0.5666666666666667,60,15
adamson,dataset::all,v4_plain_best,frozen_linear,4,0.1190279807895422,2.26503849029541,0.5270833333333333,60,15
adamson,dataset::all,v4_plain_best,frozen_mlp,0,-0.029486909974366426,1.3446940183639526,0.4830729166666667,60,15
adamson,dataset::all,v4_plain_best,frozen_mlp,1,0.1357009407132864,1.007177472114563,0.5466145833333333,60,15
adamson,dataset::all,v4_plain_best,frozen_mlp,2,0.18786788967748483,1.4773014783859253,0.5794270833333334,60,15
adamson,dataset::all,v4_plain_best,frozen_mlp,3,0.15077259490887324,0.7505598664283752,0.5580729166666667,60,15
adamson,dataset::all,v4_plain_best,frozen_mlp,4,0.10991072344283263,2.2928452491760254,0.5356770833333333,60,15
adamson,dataset::all,v4_plain_best,frozen_backbone_trainable_head,0,-0.0643372637530168,1.1970638036727905,0.5083333333333333,60,15
adamson,dataset::all,v4_plain_best,frozen_backbone_trainable_head,1,0.18051362136999766,0.9463328719139099,0.5671875,60,15
adamson,dataset::all,v4_plain_best,frozen_backbone_trainable_head,2,0.22895452789962292,1.2625316381454468,0.5880208333333333,60,15
adamson,dataset::all,v4_plain_best,frozen_backbone_trainable_head,3,0.22713448454936344,0.5861782431602478,0.5940104166666667,60,15
adamson,dataset::all,v4_plain_best,frozen_backbone_trainable_head,4,0.1529201830426852,2.0913610458374023,0.5424479166666667,60,15
adamson,dataset::all,v4_type_pe_best,frozen_linear,0,-0.01226764836659034,1.4637516736984253,0.5,60,15
adamson,dataset::all,v4_type_pe_best,frozen_linear,1,0.1452721153696378,1.1821024417877197,0.55,60,15
adamson,dataset::all,v4_type_pe_best,frozen_linear,2,0.16132742315530776,1.4180504083633423,0.578125,60,15
adamson,dataset::all,v4_type_pe_best,frozen_linear,3,0.06908960243066152,0.8480948209762573,0.5440104166666667,60,15
adamson,dataset::all,v4_type_pe_best,frozen_linear,4,0.22712048888206482,2.241590976715088,0.5890625,60,15
adamson,dataset::all,v4_type_pe_best,frozen_mlp,0,0.03936974157889684,1.2404534816741943,0.5364583333333334,60,15
adamson,dataset::all,v4_type_pe_best,frozen_mlp,1,0.10528308848539988,1.024003267288208,0.5330729166666667,60,15
adamson,dataset::all,v4_type_pe_best,frozen_mlp,2,0.1364073783159256,1.432409644126892,0.5674479166666667,60,15
adamson,dataset::all,v4_type_pe_best,frozen_mlp,3,0.19634288027882577,0.7503842115402222,0.5986979166666667,60,15
adamson,dataset::all,v4_type_pe_best,frozen_mlp,4,0.18315945379436016,2.2693355083465576,0.5700520833333333,60,15
adamson,dataset::all,v4_type_pe_best,frozen_backbone_trainable_head,0,0.07151189806560675,1.1611350774765015,0.5484375,60,15
adamson,dataset::all,v4_type_pe_best,frozen_backbone_trainable_head,1,0.14847214370965958,0.9714759588241577,0.5552083333333333,60,15
adamson,dataset::all,v4_type_pe_best,frozen_backbone_trainable_head,2,0.22132223919034005,1.180496096611023,0.6015625,60,15
adamson,dataset::all,v4_type_pe_best,frozen_backbone_trainable_head,3,0.13771858885884286,0.5785691142082214,0.55390625,60,15
adamson,dataset::all,v4_type_pe_best,frozen_backbone_trainable_head,4,0.27890416874239843,1.9296389818191528,0.6109375,60,15
adamson,dataset::all,scconcept,frozen_linear,0,-0.07719705489774545,1.273939609527588,0.47682291666666665,60,15
adamson,dataset::all,scconcept,frozen_linear,1,0.03234262503683567,0.8890225887298584,0.5067708333333333,60,15
adamson,dataset::all,scconcept,frozen_linear,2,0.04241322949528694,1.3094652891159058,0.5028645833333333,60,15
adamson,dataset::all,scconcept,frozen_linear,3,0.04891097495953242,0.6703188419342041,0.5294270833333333,60,15
adamson,dataset::all,scconcept,frozen_linear,4,-0.013694805031021436,2.5913918018341064,0.4830729166666667,60,15
adamson,dataset::all,scconcept,frozen_mlp,0,-0.005166922509670257,1.3196686506271362,0.5010416666666667,60,15
adamson,dataset::all,scconcept,frozen_mlp,1,-0.04309128324190776,1.1985760927200317,0.475,60,15
adamson,dataset::all,scconcept,frozen_mlp,2,0.009426884974042574,1.47468900680542,0.5190104166666667,60,15
adamson,dataset::all,scconcept,frozen_mlp,3,-0.07180652872969708,0.8652953505516052,0.46145833333333336,60,15
adamson,dataset::all,scconcept,frozen_mlp,4,-0.060806296517451605,2.7004287242889404,0.48828125,60,15
adamson,dataset::all,scconcept,frozen_backbone_trainable_head,0,0.025894141321380935,1.0956799983978271,0.50625,60,15
adamson,dataset::all,scconcept,frozen_backbone_trainable_head,1,-0.021492718905210494,0.828598141670227,0.4765625,60,15
adamson,dataset::all,scconcept,frozen_backbone_trainable_head,2,-0.0095498226583004,1.2383378744125366,0.48880208333333336,60,15
adamson,dataset::all,scconcept,frozen_backbone_trainable_head,3,-0.09963519312441349,0.6341680884361267,0.46171875,60,15
adamson,dataset::all,scconcept,frozen_backbone_trainable_head,4,0.01646714483698209,2.4365108013153076,0.50625,60,15
adamson,dataset::all,scconcept_encoded,frozen_linear,0,0.05865138887117306,1.9773635864257812,0.54609375,60,15
adamson,dataset::all,scconcept_encoded,frozen_linear,1,-0.0280358557899793,1.5273112058639526,0.5065104166666666,60,15
adamson,dataset::all,scconcept_encoded,frozen_linear,2,-0.10401548519730568,2.2641921043395996,0.4549479166666667,60,15
adamson,dataset::all,scconcept_encoded,frozen_linear,3,-0.03810020585854848,1.7166976928710938,0.49322916666666666,60,15
adamson,dataset::all,scconcept_encoded,frozen_linear,4,0.07719611463447412,3.27709698677063,0.5484375,60,15
adamson,dataset::all,scconcept_encoded,frozen_mlp,0,-0.008938007491330306,1.770721673965454,0.5096354166666667,60,15
adamson,dataset::all,scconcept_encoded,frozen_mlp,1,0.006001211454470952,1.3699860572814941,0.4940104166666667,60,15
adamson,dataset::all,scconcept_encoded,frozen_mlp,2,-0.009135561684767405,1.7853503227233887,0.50078125,60,15
adamson,dataset::all,scconcept_encoded,frozen_mlp,3,-0.07116391112407049,1.119848370552063,0.4953125,60,15
adamson,dataset::all,scconcept_encoded,frozen_mlp,4,0.046261128534873325,2.838911533355713,0.5234375,60,15
adamson,dataset::all,scconcept_encoded,frozen_backbone_trainable_head,0,-0.03396109292904536,1.7041065692901611,0.49583333333333335,60,15
adamson,dataset::all,scconcept_encoded,frozen_backbone_trainable_head,1,0.03329364694654942,1.1659244298934937,0.4942708333333333,60,15
adamson,dataset::all,scconcept_encoded,frozen_backbone_trainable_head,2,-0.0355742563183109,1.4793362617492676,0.49765625,60,15
adamson,dataset::all,scconcept_encoded,frozen_backbone_trainable_head,3,-0.06900207195430993,0.8975440859794617,0.4981770833333333,60,15
adamson,dataset::all,scconcept_encoded,frozen_backbone_trainable_head,4,0.03379094178477923,2.7041220664978027,0.54375,60,15
dixit,dataset::all,minus,frozen_linear,0,0.9622791409492493,0.8956947326660156,0.99609375,18,1
dixit,dataset::all,minus,frozen_linear,1,-0.9520201683044434,1.9238548278808594,0.00390625,18,1
dixit,dataset::all,minus,frozen_linear,2,0.987276554107666,0.20877547562122345,1.0,18,1
dixit,dataset::all,minus,frozen_linear,3,0.9844776391983032,0.023120634257793427,1.0,18,1
dixit,dataset::all,minus,frozen_linear,4,0.9624667167663574,0.6493380665779114,1.0,18,1
dixit,dataset::all,minus,frozen_linear,5,-0.9801366329193115,2.163410186767578,0.00390625,18,1
dixit,dataset::all,minus,frozen_linear,6,0.9193901419639587,0.5744531154632568,0.99609375,18,1
dixit,dataset::all,minus,frozen_linear,7,-0.9151744842529297,1.8321478366851807,0.015625,18,1
dixit,dataset::all,minus,frozen_linear,8,0.9834259152412415,0.525837242603302,1.0,18,1
dixit,dataset::all,minus,frozen_linear,9,0.9876027703285217,0.28429681062698364,1.0,18,1
dixit,dataset::all,minus,frozen_linear,10,-0.9858670234680176,2.3282406330108643,0.0,18,1
dixit,dataset::all,minus,frozen_linear,11,0.9859763383865356,0.3898513913154602,1.0,18,1
dixit,dataset::all,minus,frozen_linear,12,0.9895608425140381,0.09061787277460098,1.0,18,1
dixit,dataset::all,minus,frozen_linear,13,0.9937032461166382,0.02043977938592434,1.0,18,1
dixit,dataset::all,minus,frozen_linear,14,-0.868662416934967,1.1853456497192383,0.0390625,18,1
dixit,dataset::all,minus,frozen_linear,15,0.9721455574035645,0.07697868347167969,1.0,18,1
dixit,dataset::all,minus,frozen_linear,16,0.980704665184021,0.14587220549583435,1.0,18,1
dixit,dataset::all,minus,frozen_linear,17,-0.9815958738327026,3.798295021057129,0.0,18,1
dixit,dataset::all,minus,frozen_linear,18,0.986414909362793,0.08207346498966217,1.0,18,1
dixit,dataset::all,baseline,frozen_linear,0,0.9827613830566406,0.6972895860671997,0.99609375,18,1
dixit,dataset::all,baseline,frozen_linear,1,0.9811320304870605,0.5399034023284912,1.0,18,1
dixit,dataset::all,baseline,frozen_linear,2,0.9794688820838928,0.6565757989883423,1.0,18,1
dixit,dataset::all,baseline,frozen_linear,3,0.8265742659568787,0.4953186810016632,0.93359375,18,1
dixit,dataset::all,baseline,frozen_linear,4,0.8490070104598999,1.017870306968689,0.97265625,18,1
dixit,dataset::all,baseline,frozen_linear,5,-0.9624046087265015,2.2678518295288086,0.0,18,1
dixit,dataset::all,baseline,frozen_linear,6,0.9218918681144714,0.7992085218429565,0.99609375,18,1
dixit,dataset::all,baseline,frozen_linear,7,-0.21591593325138092,1.394498586654663,0.37890625,18,1
dixit,dataset::all,baseline,frozen_linear,8,0.9908549189567566,0.19926205277442932,1.0,18,1
dixit,dataset::all,baseline,frozen_linear,9,-0.9916195869445801,4.176182746887207,0.0,18,1
dixit,dataset::all,baseline,frozen_linear,10,-0.9748426675796509,1.984328269958496,0.0,18,1
dixit,dataset::all,baseline,frozen_linear,11,0.9899746775627136,0.09907694160938263,1.0,18,1
dixit,dataset::all,baseline,frozen_linear,12,0.9917199611663818,0.06406837701797485,1.0,18,1
dixit,dataset::all,baseline,frozen_linear,13,0.9936214685440063,0.02882891148328781,1.0,18,1
dixit,dataset::all,baseline,frozen_linear,14,0.989834189414978,0.08451065421104431,1.0,18,1
dixit,dataset::all,baseline,frozen_linear,15,0.9723058938980103,0.1399102509021759,1.0,18,1
dixit,dataset::all,baseline,frozen_linear,16,0.9752610921859741,0.238111212849617,1.0,18,1
dixit,dataset::all,baseline,frozen_linear,17,-0.9803351163864136,3.3482847213745117,0.0,18,1
dixit,dataset::all,baseline,frozen_linear,18,0.9875530004501343,0.0441487655043602,1.0,18,1
dixit,dataset::all,scGPT_human,frozen_linear,0,0.988359272480011,0.4314518868923187,1.0,18,1
dixit,dataset::all,scGPT_human,frozen_linear,1,-0.9849434494972229,2.300218105316162,0.0,18,1
dixit,dataset::all,scGPT_human,frozen_linear,2,0.9611549377441406,0.9458107948303223,1.0,18,1
dixit,dataset::all,scGPT_human,frozen_linear,3,-0.9791352152824402,0.9064546823501587,0.0,18,1
dixit,dataset::all,scGPT_human,frozen_linear,4,0.968452513217926,0.8486590385437012,1.0,18,1
dixit,dataset::all,scGPT_human,frozen_linear,5,-0.986790657043457,2.268958568572998,0.0,18,1
dixit,dataset::all,scGPT_human,frozen_linear,6,0.9301415681838989,0.23540088534355164,0.99609375,18,1
dixit,dataset::all,scGPT_human,frozen_linear,7,0.9914655089378357,0.3976058065891266,1.0,18,1
dixit,dataset::all,scGPT_human,frozen_linear,8,0.9883679151535034,0.46888917684555054,1.0,18,1
dixit,dataset::all,scGPT_human,frozen_linear,9,-0.9859879016876221,1.6089675426483154,0.0,18,1
dixit,dataset::all,scGPT_human,frozen_linear,10,-0.9942874908447266,2.4718852043151855,0.0,18,1
dixit,dataset::all,scGPT_human,frozen_linear,11,0.9884413480758667,0.4614448547363281,1.0,18,1
dixit,dataset::all,scGPT_human,frozen_linear,12,0.9909601211547852,0.11039483547210693,1.0,18,1
dixit,dataset::all,scGPT_human,frozen_linear,13,0.9951874017715454,0.07558188587427139,1.0,18,1
dixit,dataset::all,scGPT_human,frozen_linear,14,0.9599857926368713,0.6853030920028687,1.0,18,1
dixit,dataset::all,scGPT_human,frozen_linear,15,0.9735465049743652,0.12244445830583572,1.0,18,1
dixit,dataset::all,scGPT_human,frozen_linear,16,0.9823939800262451,0.18162158131599426,1.0,18,1
dixit,dataset::all,scGPT_human,frozen_linear,17,-0.9819855690002441,2.7716593742370605,0.0,18,1
dixit,dataset::all,scGPT_human,frozen_linear,18,0.9852268695831299,0.08489817380905151,1.0,18,1
dixit,dataset::all,v4_bias_rec_best,frozen_linear,0,0.9887515306472778,0.16504353284835815,1.0,18,1
dixit,dataset::all,v4_bias_rec_best,frozen_linear,1,0.9193925261497498,0.8644964098930359,0.9921875,18,1
dixit,dataset::all,v4_bias_rec_best,frozen_linear,2,0.969085156917572,0.6300906538963318,0.99609375,18,1
dixit,dataset::all,v4_bias_rec_best,frozen_linear,3,0.9041564464569092,0.42572879791259766,0.9921875,18,1
dixit,dataset::all,v4_bias_rec_best,frozen_linear,4,0.7984285354614258,1.1123254299163818,0.94140625,18,1
dixit,dataset::all,v4_bias_rec_best,frozen_linear,5,-0.727325439453125,1.5078492164611816,0.1171875,18,1
dixit,dataset::all,v4_bias_rec_best,frozen_linear,6,0.9290406703948975,0.3236238956451416,0.99609375,18,1
dixit,dataset::all,v4_bias_rec_best,frozen_linear,7,0.9815804958343506,0.19928625226020813,1.0,18,1
dixit,dataset::all,v4_bias_rec_best,frozen_linear,8,0.9884128570556641,0.39594465494155884,1.0,18,1
dixit,dataset::all,v4_bias_rec_best,frozen_linear,9,0.15953680872917175,1.0183018445968628,0.671875,18,1
dixit,dataset::all,v4_bias_rec_best,frozen_linear,10,-0.00550403818488121,1.0202291011810303,0.48046875,18,1
dixit,dataset::all,v4_bias_rec_best,frozen_linear,11,0.9907428622245789,0.0187259279191494,1.0,18,1
dixit,dataset::all,v4_bias_rec_best,frozen_linear,12,0.9874330759048462,0.13360141217708588,1.0,18,1
dixit,dataset::all,v4_bias_rec_best,frozen_linear,13,0.9941632151603699,0.06172679364681244,1.0,18,1
dixit,dataset::all,v4_bias_rec_best,frozen_linear,14,0.9014774560928345,0.6401225328445435,0.9765625,18,1
dixit,dataset::all,v4_bias_rec_best,frozen_linear,15,0.9755991697311401,0.04400085657835007,1.0,18,1
dixit,dataset::all,v4_bias_rec_best,frozen_linear,16,0.9827855229377747,0.034573234617710114,1.0,18,1
dixit,dataset::all,v4_bias_rec_best,frozen_linear,17,-0.9819241762161255,4.047764778137207,0.0,18,1
dixit,dataset::all,v4_bias_rec_best,frozen_linear,18,0.9841069579124451,0.1780237853527069,1.0,18,1
dixit,dataset::all,v4_plain_best,frozen_linear,0,0.9894893169403076,0.3831609785556793,1.0,18,1
dixit,dataset::all,v4_plain_best,frozen_linear,1,0.9617900848388672,0.842534065246582,1.0,18,1
dixit,dataset::all,v4_plain_best,frozen_linear,2,0.9616928696632385,0.889076828956604,1.0,18,1
dixit,dataset::all,v4_plain_best,frozen_linear,3,-0.5203635692596436,0.749948263168335,0.22265625,18,1
dixit,dataset::all,v4_plain_best,frozen_linear,4,0.8600890040397644,1.0003453493118286,0.96875,18,1
dixit,dataset::all,v4_plain_best,frozen_linear,5,-0.9763831496238708,2.462615489959717,0.0,18,1
dixit,dataset::all,v4_plain_best,frozen_linear,6,0.9295589923858643,0.23887920379638672,0.99609375,18,1
dixit,dataset::all,v4_plain_best,frozen_linear,7,0.9728723764419556,0.7646120190620422,1.0,18,1
dixit,dataset::all,v4_plain_best,frozen_linear,8,0.9495494365692139,0.7533836960792542,1.0,18,1
dixit,dataset::all,v4_plain_best,frozen_linear,9,-0.9897589683532715,3.976466178894043,0.0,18,1
dixit,dataset::all,v4_plain_best,frozen_linear,10,0.6451753973960876,0.8998619318008423,0.82421875,18,1
dixit,dataset::all,v4_plain_best,frozen_linear,11,0.98881596326828,0.022104308009147644,1.0,18,1
dixit,dataset::all,v4_plain_best,frozen_linear,12,0.9783173203468323,0.4649638831615448,1.0,18,1
dixit,dataset::all,v4_plain_best,frozen_linear,13,0.9937072992324829,0.06238802894949913,1.0,18,1
dixit,dataset::all,v4_plain_best,frozen_linear,14,-0.8256468772888184,1.2823169231414795,0.0546875,18,1
dixit,dataset::all,v4_plain_best,frozen_linear,15,0.9729551672935486,0.09561076015233994,1.0,18,1
dixit,dataset::all,v4_plain_best,frozen_linear,16,0.9821987152099609,0.08154989778995514,1.0,18,1
dixit,dataset::all,v4_plain_best,frozen_linear,17,-0.9814563989639282,2.747673511505127,0.0,18,1
dixit,dataset::all,v4_plain_best,frozen_linear,18,0.9874439835548401,0.026316959410905838,1.0,18,1
dixit,dataset::all,v4_type_pe_best,frozen_linear,0,0.978050947189331,0.5847773551940918,1.0,18,1
dixit,dataset::all,v4_type_pe_best,frozen_linear,1,-0.8682308197021484,1.7092831134796143,0.02734375,18,1
dixit,dataset::all,v4_type_pe_best,frozen_linear,2,0.943926990032196,0.8431880474090576,1.0,18,1
dixit,dataset::all,v4_type_pe_best,frozen_linear,3,-0.9860500693321228,2.0780763626098633,0.00390625,18,1
dixit,dataset::all,v4_type_pe_best,frozen_linear,4,0.9895923137664795,0.36775296926498413,1.0,18,1
dixit,dataset::all,v4_type_pe_best,frozen_linear,5,-0.9852368831634521,2.4425771236419678,0.0,18,1
dixit,dataset::all,v4_type_pe_best,frozen_linear,6,0.9295016527175903,0.5424248576164246,0.99609375,18,1
dixit,dataset::all,v4_type_pe_best,frozen_linear,7,0.988968014717102,0.2981128692626953,1.0,18,1
dixit,dataset::all,v4_type_pe_best,frozen_linear,8,0.9606634378433228,0.8153007626533508,1.0,18,1
dixit,dataset::all,v4_type_pe_best,frozen_linear,9,-0.9888081550598145,3.307222843170166,0.0,18,1
dixit,dataset::all,v4_type_pe_best,frozen_linear,10,-0.9912534952163696,2.107635021209717,0.0,18,1
dixit,dataset::all,v4_type_pe_best,frozen_linear,11,0.986577033996582,0.14868395030498505,1.0,18,1
dixit,dataset::all,v4_type_pe_best,frozen_linear,12,0.9921966791152954,0.02004411071538925,1.0,18,1
dixit,dataset::all,v4_type_pe_best,frozen_linear,13,0.992923378944397,0.033398352563381195,1.0,18,1
dixit,dataset::all,v4_type_pe_best,frozen_linear,14,0.9240862131118774,0.7327275276184082,0.99609375,18,1
dixit,dataset::all,v4_type_pe_best,frozen_linear,15,0.9732372760772705,0.0481271967291832,1.0,18,1
dixit,dataset::all,v4_type_pe_best,frozen_linear,16,0.9665611386299133,0.3228386640548706,1.0,18,1
dixit,dataset::all,v4_type_pe_best,frozen_linear,17,-0.9819760322570801,3.965109348297119,0.0,18,1
dixit,dataset::all,v4_type_pe_best,frozen_linear,18,0.9855526685714722,0.13034288585186005,1.0,18,1
dixit,dataset::all,scconcept,frozen_linear,0,0.8948438167572021,1.2248291969299316,0.98046875,18,1
dixit,dataset::all,scconcept,frozen_linear,1,0.9030047655105591,1.1622281074523926,0.96875,18,1
dixit,dataset::all,scconcept,frozen_linear,2,0.9821230173110962,0.6505208015441895,1.0,18,1
dixit,dataset::all,scconcept,frozen_linear,3,-0.9594748020172119,0.8578985929489136,0.0,18,1
dixit,dataset::all,scconcept,frozen_linear,4,-0.9877609610557556,1.9458718299865723,0.0,18,1
dixit,dataset::all,scconcept,frozen_linear,5,0.9248570203781128,1.1533489227294922,0.98828125,18,1
dixit,dataset::all,scconcept,frozen_linear,6,0.8906111717224121,1.1541959047317505,0.9921875,18,1
dixit,dataset::all,scconcept,frozen_linear,7,0.6215271949768066,1.2976830005645752,0.8203125,18,1
dixit,dataset::all,scconcept,frozen_linear,8,0.9127864837646484,1.1624529361724854,0.984375,18,1
dixit,dataset::all,scconcept,frozen_linear,9,-0.9762863516807556,1.2967627048492432,0.0,18,1
dixit,dataset::all,scconcept,frozen_linear,10,-0.7390050888061523,1.0805491209030151,0.09765625,18,1
dixit,dataset::all,scconcept,frozen_linear,11,0.9836145639419556,0.7392087578773499,1.0,18,1
dixit,dataset::all,scconcept,frozen_linear,12,-0.4112614393234253,1.0006940364837646,0.3046875,18,1
dixit,dataset::all,scconcept,frozen_linear,13,0.9846296310424805,0.685442328453064,1.0,18,1
dixit,dataset::all,scconcept,frozen_linear,14,0.31108659505844116,0.9509007930755615,0.65625,18,1
dixit,dataset::all,scconcept,frozen_linear,15,-0.9569342732429504,1.2366341352462769,0.00390625,18,1
dixit,dataset::all,scconcept,frozen_linear,16,0.858163595199585,0.8193365931510925,0.97265625,18,1
dixit,dataset::all,scconcept,frozen_linear,17,0.9810644388198853,0.5038464069366455,1.0,18,1
dixit,dataset::all,scconcept,frozen_linear,18,0.9100765585899353,0.8709187507629395,0.984375,18,1
dixit,dataset::all,scconcept_encoded,frozen_linear,0,-0.9890760183334351,4.337704658508301,0.0,18,1
dixit,dataset::all,scconcept_encoded,frozen_linear,1,0.7796450853347778,1.0641244649887085,0.9140625,18,1
dixit,dataset::all,scconcept_encoded,frozen_linear,2,0.9876371622085571,0.07771708816289902,1.0,18,1
dixit,dataset::all,scconcept_encoded,frozen_linear,3,-0.9898067712783813,2.287872791290283,0.0,18,1
dixit,dataset::all,scconcept_encoded,frozen_linear,4,0.9894354343414307,0.15357394516468048,0.99609375,18,1
dixit,dataset::all,scconcept_encoded,frozen_linear,5,0.9898858666419983,0.04754168540239334,1.0,18,1
dixit,dataset::all,scconcept_encoded,frozen_linear,6,-0.5765882134437561,1.5501600503921509,0.23046875,18,1
dixit,dataset::all,scconcept_encoded,frozen_linear,7,0.9863277077674866,0.3903995752334595,0.99609375,18,1
dixit,dataset::all,scconcept_encoded,frozen_linear,8,0.9790914058685303,0.23538893461227417,1.0,18,1
dixit,dataset::all,scconcept_encoded,frozen_linear,9,0.9858896732330322,0.06742273271083832,1.0,18,1
dixit,dataset::all,scconcept_encoded,frozen_linear,10,0.9538995027542114,0.37935179471969604,0.99609375,18,1
dixit,dataset::all,scconcept_encoded,frozen_linear,11,0.9773850440979004,0.22541828453540802,1.0,18,1
dixit,dataset::all,scconcept_encoded,frozen_linear,12,0.7885251045227051,0.7052777409553528,0.90234375,18,1
dixit,dataset::all,scconcept_encoded,frozen_linear,13,0.8963725566864014,0.6993069648742676,0.96484375,18,1
dixit,dataset::all,scconcept_encoded,frozen_linear,14,-0.9565757513046265,2.1453487873077393,0.0,18,1
dixit,dataset::all,scconcept_encoded,frozen_linear,15,-0.9658756256103516,2.080202102661133,0.0,18,1
dixit,dataset::all,scconcept_encoded,frozen_linear,16,0.9726887941360474,0.05325496941804886,0.99609375,18,1
dixit,dataset::all,scconcept_encoded,frozen_linear,17,0.8848706483840942,0.598432719707489,0.984375,18,1
dixit,dataset::all,scconcept_encoded,frozen_linear,18,0.5162215232849121,0.838761568069458,0.74609375,18,1
norman,dataset::all,minus,frozen_linear,0,0.02187691107392311,1.6971700191497803,0.5224609375,80,20
norman,dataset::all,minus,frozen_linear,1,0.11219845712184906,2.4211630821228027,0.548046875,80,20
norman,dataset::all,minus,frozen_linear,2,0.06486287554726004,1.6896263360977173,0.53359375,80,20
norman,dataset::all,minus,frozen_linear,3,0.03516253512352705,1.5537402629852295,0.502734375,80,20
norman,dataset::all,minus,frozen_linear,4,-0.0022044483572244643,1.5424407720565796,0.4904296875,80,20
norman,dataset::all,minus,frozen_mlp,0,-0.04902362348511815,1.4889103174209595,0.4794921875,80,20
norman,dataset::all,minus,frozen_mlp,1,0.040642300993204115,2.3369171619415283,0.5203125,80,20
norman,dataset::all,minus,frozen_mlp,2,-0.0058889415115118025,1.552917242050171,0.509375,80,20
norman,dataset::all,minus,frozen_mlp,3,-0.007340984838083387,1.234877109527588,0.4779296875,80,20
norman,dataset::all,minus,frozen_mlp,4,0.06263862326741218,1.1040222644805908,0.526171875,80,20
norman,dataset::all,minus,frozen_backbone_trainable_head,0,-0.002279357984662056,1.1796348094940186,0.5087890625,80,20
norman,dataset::all,minus,frozen_backbone_trainable_head,1,0.08554759938269854,2.0917248725891113,0.5390625,80,20
norman,dataset::all,minus,frozen_backbone_trainable_head,2,0.08958795657381416,1.2140955924987793,0.5404296875,80,20
norman,dataset::all,minus,frozen_backbone_trainable_head,3,0.02101450744085014,1.0649632215499878,0.50078125,80,20
norman,dataset::all,minus,frozen_backbone_trainable_head,4,-0.032341431360691786,1.0655922889709473,0.485546875,80,20
norman,dataset::all,baseline,frozen_linear,0,0.00864604078233242,1.6935720443725586,0.4916015625,80,20
norman,dataset::all,baseline,frozen_linear,1,0.14980095364153384,2.2310357093811035,0.5546875,80,20
norman,dataset::all,baseline,frozen_linear,2,0.0976185092702508,1.625383734703064,0.5396484375,80,20
norman,dataset::all,baseline,frozen_linear,3,0.01967950351536274,1.3013484477996826,0.50546875,80,20
norman,dataset::all,baseline,frozen_linear,4,0.21881127431988717,1.1418319940567017,0.584375,80,20
norman,dataset::all,baseline,frozen_mlp,0,0.05688696233555675,1.4293394088745117,0.5140625,80,20
norman,dataset::all,baseline,frozen_mlp,1,0.0942553433123976,2.1280112266540527,0.53671875,80,20
norman,dataset::all,baseline,frozen_mlp,2,0.10370236271992325,1.4418394565582275,0.5435546875,80,20
norman,dataset::all,baseline,frozen_mlp,3,0.04339728411287069,1.1497552394866943,0.5162109375,80,20
norman,dataset::all,baseline,frozen_mlp,4,0.18221311867237092,1.0056349039077759,0.5783203125,80,20
norman,dataset::all,baseline,frozen_backbone_trainable_head,0,0.011159001570194959,1.2197668552398682,0.49375,80,20
norman,dataset::all,baseline,frozen_backbone_trainable_head,1,0.1837746378965676,1.9029414653778076,0.5673828125,80,20
norman,dataset::all,baseline,frozen_backbone_trainable_head,2,0.16051187163684516,1.1835768222808838,0.562890625,80,20
norman,dataset::all,baseline,frozen_backbone_trainable_head,3,0.0037635208107531072,0.9149581789970398,0.4947265625,80,20
norman,dataset::all,baseline,frozen_backbone_trainable_head,4,0.24637225419282913,0.8053832054138184,0.6005859375,80,20
norman,dataset::all,scGPT_human,frozen_linear,0,0.08847338389605283,1.2188829183578491,0.546875,80,20
norman,dataset::all,scGPT_human,frozen_linear,1,0.02715045679360628,2.123565196990967,0.51015625,80,20
norman,dataset::all,scGPT_human,frozen_linear,2,0.1254344407469034,1.2400386333465576,0.5474609375,80,20
norman,dataset::all,scGPT_human,frozen_linear,3,0.04193709497340024,0.9451522827148438,0.516796875,80,20
norman,dataset::all,scGPT_human,frozen_linear,4,0.20456361919641494,0.7962899804115295,0.5736328125,80,20
norman,dataset::all,scGPT_human,frozen_mlp,0,0.057902198005467656,1.4222675561904907,0.5197265625,80,20
norman,dataset::all,scGPT_human,frozen_mlp,1,0.019235263206064702,2.3120803833007812,0.513671875,80,20
norman,dataset::all,scGPT_human,frozen_mlp,2,0.07056675404310227,1.37249755859375,0.534765625,80,20
norman,dataset::all,scGPT_human,frozen_mlp,3,-0.038729578629136084,1.1338846683502197,0.4796875,80,20
norman,dataset::all,scGPT_human,frozen_mlp,4,0.1565832476131618,0.9392904043197632,0.5638671875,80,20
norman,dataset::all,scGPT_human,frozen_backbone_trainable_head,0,0.05824644430540502,1.0828136205673218,0.5201171875,80,20
norman,dataset::all,scGPT_human,frozen_backbone_trainable_head,1,0.016527843475341798,2.0370914936065674,0.5037109375,80,20
norman,dataset::all,scGPT_human,frozen_backbone_trainable_head,2,0.11046577170491219,1.1813472509384155,0.5388671875,80,20
norman,dataset::all,scGPT_human,frozen_backbone_trainable_head,3,0.05385091602802276,0.8736912608146667,0.5234375,80,20
norman,dataset::all,scGPT_human,frozen_backbone_trainable_head,4,0.1425832226872444,0.7631633877754211,0.542578125,80,20
norman,dataset::all,v4_bias_rec_best,frozen_linear,0,-0.006185662187635899,1.975419282913208,0.4994140625,80,20
norman,dataset::all,v4_bias_rec_best,frozen_linear,1,0.033037072699517014,2.7153313159942627,0.5072265625,80,20
norman,dataset::all,v4_bias_rec_best,frozen_linear,2,0.030186521261930464,1.872552514076233,0.5162109375,80,20
norman,dataset::all,v4_bias_rec_best,frozen_linear,3,0.13731634821742772,1.8014253377914429,0.558984375,80,20
norman,dataset::all,v4_bias_rec_best,frozen_linear,4,0.08247319757938384,1.6135174036026,0.5416015625,80,20
norman,dataset::all,v4_bias_rec_best,frozen_mlp,0,0.022624415531754493,1.5371735095977783,0.50859375,80,20
norman,dataset::all,v4_bias_rec_best,frozen_mlp,1,0.06981701869517565,2.5072288513183594,0.5263671875,80,20
norman,dataset::all,v4_bias_rec_best,frozen_mlp,2,0.10501074250787497,1.4789495468139648,0.5451171875,80,20
norman,dataset::all,v4_bias_rec_best,frozen_mlp,3,0.11574790403246879,1.210409164428711,0.5462890625,80,20
norman,dataset::all,v4_bias_rec_best,frozen_mlp,4,0.046010331623256205,1.2740777730941772,0.5232421875,80,20
norman,dataset::all,v4_bias_rec_best,frozen_backbone_trainable_head,0,0.05998216588050127,1.2132720947265625,0.526171875,80,20
norman,dataset::all,v4_bias_rec_best,frozen_backbone_trainable_head,1,0.09317677984945476,2.063199520111084,0.5404296875,80,20
norman,dataset::all,v4_bias_rec_best,frozen_backbone_trainable_head,2,0.13607200533151625,1.2537845373153687,0.557421875,80,20
norman,dataset::all,v4_bias_rec_best,frozen_backbone_trainable_head,3,0.1342572151683271,0.9899422526359558,0.5564453125,80,20
norman,dataset::all,v4_bias_rec_best,frozen_backbone_trainable_head,4,0.10707201324403286,0.9293850064277649,0.545703125,80,20
norman,dataset::all,v4_plain_best,frozen_linear,0,0.041080947243608536,1.5407850742340088,0.4998046875,80,20
norman,dataset::all,v4_plain_best,frozen_linear,1,0.08116494296118618,2.448815107345581,0.533984375,80,20
norman,dataset::all,v4_plain_best,frozen_linear,2,0.10065264254808426,1.6145553588867188,0.5353515625,80,20
norman,dataset::all,v4_plain_best,frozen_linear,3,0.06816182928159834,1.2645883560180664,0.5302734375,80,20
norman,dataset::all,v4_plain_best,frozen_linear,4,0.11763993240892887,1.255932092666626,0.550390625,80,20
norman,dataset::all,v4_plain_best,frozen_mlp,0,0.036332698864862324,1.4822800159454346,0.5017578125,80,20
norman,dataset::all,v4_plain_best,frozen_mlp,1,0.047248469293117525,2.396355152130127,0.509375,80,20
norman,dataset::all,v4_plain_best,frozen_mlp,2,0.13916830401867628,1.378431797027588,0.5697265625,80,20
norman,dataset::all,v4_plain_best,frozen_mlp,3,0.07337748184800148,1.1043120622634888,0.5314453125,80,20
norman,dataset::all,v4_plain_best,frozen_mlp,4,0.05850192797370255,1.1897470951080322,0.533203125,80,20
norman,dataset::all,v4_plain_best,frozen_backbone_trainable_head,0,0.06894783899188042,1.125610113143921,0.501953125,80,20
norman,dataset::all,v4_plain_best,frozen_backbone_trainable_head,1,0.09657000731676817,2.1174466609954834,0.5341796875,80,20
norman,dataset::all,v4_plain_best,frozen_backbone_trainable_head,2,0.14283629618585109,1.200680136680603,0.5611328125,80,20
norman,dataset::all,v4_plain_best,frozen_backbone_trainable_head,3,0.06626963438466191,0.8885921239852905,0.52890625,80,20
norman,dataset::all,v4_plain_best,frozen_backbone_trainable_head,4,0.1453607626259327,0.882752537727356,0.562109375,80,20
norman,dataset::all,v4_type_pe_best,frozen_linear,0,0.031241961102932692,1.5745080709457397,0.5134765625,80,20
norman,dataset::all,v4_type_pe_best,frozen_linear,1,-0.008039950765669346,2.7812116146087646,0.494921875,80,20
norman,dataset::all,v4_type_pe_best,frozen_linear,2,0.13601673766970634,1.7596514225006104,0.55703125,80,20
norman,dataset::all,v4_type_pe_best,frozen_linear,3,-0.04810327272862196,1.6389315128326416,0.4689453125,80,20
norman,dataset::all,v4_type_pe_best,frozen_linear,4,0.08596530063077808,1.2380307912826538,0.53359375,80,20
norman,dataset::all,v4_type_pe_best,frozen_mlp,0,0.01587762264534831,1.5216312408447266,0.5076171875,80,20
norman,dataset::all,v4_type_pe_best,frozen_mlp,1,0.019054819643497468,2.435424327850342,0.5021484375,80,20
norman,dataset::all,v4_type_pe_best,frozen_mlp,2,0.09714656369760633,1.4508380889892578,0.54296875,80,20
norman,dataset::all,v4_type_pe_best,frozen_mlp,3,-0.03616003966890276,1.3339812755584717,0.4759765625,80,20
norman,dataset::all,v4_type_pe_best,frozen_mlp,4,0.12823509266600014,1.1161243915557861,0.5525390625,80,20
norman,dataset::all,v4_type_pe_best,frozen_backbone_trainable_head,0,0.06159706795588136,1.137044906616211,0.5275390625,80,20
norman,dataset::all,v4_type_pe_best,frozen_backbone_trainable_head,1,0.0358610674738884,2.172494411468506,0.511328125,80,20
norman,dataset::all,v4_type_pe_best,frozen_backbone_trainable_head,2,0.18639545179903508,1.2460126876831055,0.576171875,80,20
norman,dataset::all,v4_type_pe_best,frozen_backbone_trainable_head,3,-0.03414251725189388,1.0876426696777344,0.4703125,80,20
norman,dataset::all,v4_type_pe_best,frozen_backbone_trainable_head,4,0.15337455440312625,0.8629509210586548,0.56796875,80,20
norman,dataset::all,scconcept,frozen_linear,0,0.08945307731628419,1.0617080926895142,0.5392578125,80,20
norman,dataset::all,scconcept,frozen_linear,1,0.11656201388686896,2.0832228660583496,0.5408203125,80,20
norman,dataset::all,scconcept,frozen_linear,2,0.11340560801327229,1.109623908996582,0.542578125,80,20
norman,dataset::all,scconcept,frozen_linear,3,0.10344546306878329,0.7905682325363159,0.548046875,80,20
norman,dataset::all,scconcept,frozen_linear,4,0.13885328704491257,0.7857838869094849,0.5640625,80,20
norman,dataset::all,scconcept,frozen_mlp,0,0.06011628434062004,1.2784124612808228,0.5259765625,80,20
norman,dataset::all,scconcept,frozen_mlp,1,-0.02448969166725874,2.525658130645752,0.4955078125,80,20
norman,dataset::all,scconcept,frozen_mlp,2,0.014648341480642557,1.3675416707992554,0.512109375,80,20
norman,dataset::all,scconcept,frozen_mlp,3,0.010042325034737587,1.0162982940673828,0.517578125,80,20
norman,dataset::all,scconcept,frozen_mlp,4,0.016099371761083604,1.075615644454956,0.49296875,80,20
norman,dataset::all,scconcept,frozen_backbone_trainable_head,0,0.0166312905959785,1.0654337406158447,0.4908203125,80,20
norman,dataset::all,scconcept,frozen_backbone_trainable_head,1,0.08103408701717854,2.066802501678467,0.529296875,80,20
norman,dataset::all,scconcept,frozen_backbone_trainable_head,2,0.057560721039772035,1.094175100326538,0.5232421875,80,20
norman,dataset::all,scconcept,frozen_backbone_trainable_head,3,0.05541075132787228,0.7731235027313232,0.50859375,80,20
norman,dataset::all,scconcept,frozen_backbone_trainable_head,4,0.08311222437769175,0.7922167778015137,0.529296875,80,20
norman,dataset::all,scconcept_encoded,frozen_linear,0,-0.006389265041798353,2.158973217010498,0.515234375,80,20
norman,dataset::all,scconcept_encoded,frozen_linear,1,-0.036299375258386134,3.147679090499878,0.492578125,80,20
norman,dataset::all,scconcept_encoded,frozen_linear,2,0.07740281359292567,2.4311466217041016,0.53203125,80,20
norman,dataset::all,scconcept_encoded,frozen_linear,3,0.09307755529880524,1.6290546655654907,0.5423828125,80,20
norman,dataset::all,scconcept_encoded,frozen_linear,4,-0.0027089040726423264,1.5220171213150024,0.5083984375,80,20
norman,dataset::all,scconcept_encoded,frozen_mlp,0,0.006519674323499203,1.512913703918457,0.50078125,80,20
norman,dataset::all,scconcept_encoded,frozen_mlp,1,0.015040727332234383,2.793870687484741,0.509375,80,20
norman,dataset::all,scconcept_encoded,frozen_mlp,2,0.016423938050866126,1.8432343006134033,0.5173828125,80,20
norman,dataset::all,scconcept_encoded,frozen_mlp,3,0.07935527693480253,1.1737709045410156,0.5462890625,80,20
norman,dataset::all,scconcept_encoded,frozen_mlp,4,0.019087883271276952,1.218774676322937,0.516796875,80,20
norman,dataset::all,scconcept_encoded,frozen_backbone_trainable_head,0,0.02436740230768919,1.400121808052063,0.5111328125,80,20
norman,dataset::all,scconcept_encoded,frozen_backbone_trainable_head,1,-0.025879342574626207,2.6368257999420166,0.4861328125,80,20
norman,dataset::all,scconcept_encoded,frozen_backbone_trainable_head,2,0.016728478018194437,1.6135603189468384,0.509375,80,20
norman,dataset::all,scconcept_encoded,frozen_backbone_trainable_head,3,0.04145545568317175,1.05372953414917,0.5197265625,80,20
norman,dataset::all,scconcept_encoded,frozen_backbone_trainable_head,4,9.182915091514588e-05,1.1713354587554932,0.4990234375,80,20
