gene,mse,mae,dataset,embedding,model,split_mode,prompt_ratio,seed
MIR21,0.0013323520543053746,0.02737456001341343,test_data,minus,ridge_pair,cell_holdout,0.1,0
LLNLF-158E9.1,0.04370198771357536,0.11564241349697113,test_data,minus,ridge_pair,cell_holdout,0.1,0
BNIP3P17,0.002077375305816531,0.02690553106367588,test_data,minus,ridge_pair,cell_holdout,0.1,0
CTC-412M14.6,0.006444537080824375,0.0376548171043396,test_data,minus,ridge_pair,cell_holdout,0.1,0
RP11-638L3.2,0.09074123948812485,0.19004619121551514,test_data,minus,ridge_pair,cell_holdout,0.1,0
Y_RNA_ENSG00000252021,0.30193760991096497,0.37287279963493347,test_data,minus,ridge_pair,cell_holdout,0.1,0
YWHAQP6,0.013030803762376308,0.04910343140363693,test_data,minus,ridge_pair,cell_holdout,0.1,0
AC004985.12,0.0074053010903298855,0.04318930208683014,test_data,minus,ridge_pair,cell_holdout,0.1,0
MTCO2P34,0.009832642041146755,0.04738384857773781,test_data,minus,ridge_pair,cell_holdout,0.1,0
RP5-1166A24.1,0.09105543792247772,0.17230679094791412,test_data,minus,ridge_pair,cell_holdout,0.1,0
PPIAP62,0.0019844803027808666,0.03366312384605408,test_data,minus,ridge_pair,cell_holdout,0.1,0
PAXBP1P1,0.01041465811431408,0.04616778716444969,test_data,minus,ridge_pair,cell_holdout,0.1,0
RNU2-65P,0.40147703886032104,0.4489406943321228,test_data,minus,ridge_pair,cell_holdout,0.1,0
LRRC37A6P,0.06745922565460205,0.1403016746044159,test_data,minus,ridge_pair,cell_holdout,0.1,0
CTD-3091F23.1,0.0016118098283186555,0.02971317619085312,test_data,minus,ridge_pair,cell_holdout,0.1,0
CTD-3222D19.8,0.013104614801704884,0.04442204162478447,test_data,minus,ridge_pair,cell_holdout,0.1,0
HMGB1P6,0.005856928415596485,0.034738264977931976,test_data,minus,ridge_pair,cell_holdout,0.1,0
AC097467.2,0.04761486500501633,0.10459745675325394,test_data,minus,ridge_pair,cell_holdout,0.1,0
MSMO1,0.2212943434715271,0.355461061000824,test_data,minus,ridge_pair,cell_holdout,0.1,0
RPS3P2,0.10172504186630249,0.19450415670871735,test_data,minus,ridge_pair,cell_holdout,0.1,0
GPR149,0.0393727570772171,0.09083912521600723,test_data,minus,ridge_pair,cell_holdout,0.1,0
RP1-302D9.1,0.0150914266705513,0.04952164366841316,test_data,minus,ridge_pair,cell_holdout,0.1,0
OR2AG1,0.0025690796319395304,0.03858165442943573,test_data,minus,ridge_pair,cell_holdout,0.1,0
ARHGAP26-AS1,0.0018317021895200014,0.029263416305184364,test_data,minus,ridge_pair,cell_holdout,0.1,0
RP5-832C2.5,0.00229401933029294,0.03070824034512043,test_data,minus,ridge_pair,cell_holdout,0.1,0
TMEM163,0.0017544592265039682,0.028162216767668724,test_data,minus,ridge_pair,cell_holdout,0.1,0
MIR7515HG,0.05993547663092613,0.09987810999155045,test_data,minus,ridge_pair,cell_holdout,0.1,0
MRGPRX4,0.001799255609512329,0.03222665190696716,test_data,minus,ridge_pair,cell_holdout,0.1,0
PRR12,0.0012593617429956794,0.025710638612508774,test_data,minus,ridge_pair,cell_holdout,0.1,0
RNU6-1316P,0.008691742084920406,0.03606721758842468,test_data,minus,ridge_pair,cell_holdout,0.1,0
AMY1A,0.002451364416629076,0.032639481127262115,test_data,minus,ridge_pair,cell_holdout,0.1,0
ARIH2OS,0.0023245299234986305,0.025456225499510765,test_data,minus,ridge_pair,cell_holdout,0.1,0
RP11-700H6.2,0.0018503899918869138,0.03316836804151535,test_data,minus,ridge_pair,cell_holdout,0.1,0
ABCC1,0.006996683310717344,0.036011550575494766,test_data,minus,ridge_pair,cell_holdout,0.1,0
ADGRG7,0.0030699078924953938,0.03511056303977966,test_data,minus,ridge_pair,cell_holdout,0.1,0
ACSM6,0.005418145097792149,0.03806082904338837,test_data,minus,ridge_pair,cell_holdout,0.1,0
CR1,0.13262559473514557,0.24753861129283905,test_data,minus,ridge_pair,cell_holdout,0.1,0
CRCT1,0.02812776155769825,0.07064428925514221,test_data,minus,ridge_pair,cell_holdout,0.1,0
SMG7,0.0014435204211622477,0.029855340719223022,test_data,minus,ridge_pair,cell_holdout,0.1,0
RP11-16L14.2,0.01825113594532013,0.057103171944618225,test_data,minus,ridge_pair,cell_holdout,0.1,0
CIBAR1P1,0.0020024923142045736,0.0300056841224432,test_data,minus,ridge_pair,cell_holdout,0.1,0
CTD-2619J13.9,0.0950070470571518,0.11351346224546432,test_data,minus,ridge_pair,cell_holdout,0.1,0
RP11-717A5.3,0.0027329411823302507,0.029770800843834877,test_data,minus,ridge_pair,cell_holdout,0.1,0
CTD-2027I19.3,0.0015966310165822506,0.02917809970676899,test_data,minus,ridge_pair,cell_holdout,0.1,0
RP11-42H13.1,0.001541654928587377,0.029861601069569588,test_data,minus,ridge_pair,cell_holdout,0.1,0
ERICH6,0.001075052423402667,0.025187524035573006,test_data,minus,ridge_pair,cell_holdout,0.1,0
WASHC4,0.0013485393719747663,0.029286086559295654,test_data,minus,ridge_pair,cell_holdout,0.1,0
RP1-269M15.3,0.0014177031116560102,0.029307762160897255,test_data,minus,ridge_pair,cell_holdout,0.1,0
RNU6-1153P,0.001271564164198935,0.027801884338259697,test_data,minus,ridge_pair,cell_holdout,0.1,0
CWF19L2,0.0015953064430505037,0.029386812821030617,test_data,minus,ridge_pair,cell_holdout,0.1,0
RP11-24J19.1,0.0013561156811192632,0.029068244621157646,test_data,minus,ridge_pair,cell_holdout,0.1,0
GAPDHP28,0.001354236388579011,0.027690201997756958,test_data,minus,ridge_pair,cell_holdout,0.1,0
MANSC1,0.0014298732858151197,0.028452422469854355,test_data,minus,ridge_pair,cell_holdout,0.1,0
RP11-369K17.1,0.0013615257339552045,0.027214406058192253,test_data,minus,ridge_pair,cell_holdout,0.1,0
RP11-666A8.9,0.0018669047858566046,0.02487950213253498,test_data,minus,ridge_pair,cell_holdout,0.1,0
PANK2,0.0016398350708186626,0.029883963987231255,test_data,minus,ridge_pair,cell_holdout,0.1,0
RP11-95I16.6,0.0013088984414935112,0.02738710679113865,test_data,minus,ridge_pair,cell_holdout,0.1,0
ACSM2A,0.0012210157001391053,0.02638130821287632,test_data,minus,ridge_pair,cell_holdout,0.1,0
AP000233.3,0.0013340921141207218,0.027483655139803886,test_data,minus,ridge_pair,cell_holdout,0.1,0
SIGLEC24P,0.0016866829246282578,0.030364494770765305,test_data,minus,ridge_pair,cell_holdout,0.1,0
AC006077.3,0.0014175608521327376,0.028248950839042664,test_data,minus,ridge_pair,cell_holdout,0.1,0
RP11-344P13.4,0.001350290491245687,0.02677251771092415,test_data,minus,ridge_pair,cell_holdout,0.1,0
RP4-612B18.3,0.0012578369351103902,0.027246255427598953,test_data,minus,ridge_pair,cell_holdout,0.1,0
RPL24P7,0.002082515275105834,0.03296604007482529,test_data,minus,ridge_pair,cell_holdout,0.1,0
MIR21,0.0017810516292229295,0.03217504173517227,test_data,baseline,ridge_pair,cell_holdout,0.1,0
LLNLF-158E9.1,0.04441265016794205,0.11030567437410355,test_data,baseline,ridge_pair,cell_holdout,0.1,0
BNIP3P17,0.002902334788814187,0.0349404513835907,test_data,baseline,ridge_pair,cell_holdout,0.1,0
CTC-412M14.6,0.006919603794813156,0.03581780940294266,test_data,baseline,ridge_pair,cell_holdout,0.1,0
RP11-638L3.2,0.09059440344572067,0.1905859112739563,test_data,baseline,ridge_pair,cell_holdout,0.1,0
Y_RNA_ENSG00000252021,0.3171966075897217,0.3943061828613281,test_data,baseline,ridge_pair,cell_holdout,0.1,0
YWHAQP6,0.012987404130399227,0.050054024904966354,test_data,baseline,ridge_pair,cell_holdout,0.1,0
AC004985.12,0.007216861937195063,0.04043404385447502,test_data,baseline,ridge_pair,cell_holdout,0.1,0
MTCO2P34,0.00986720621585846,0.04611150920391083,test_data,baseline,ridge_pair,cell_holdout,0.1,0
RP5-1166A24.1,0.09150152653455734,0.17007042467594147,test_data,baseline,ridge_pair,cell_holdout,0.1,0
PPIAP62,0.001601002411916852,0.030630292370915413,test_data,baseline,ridge_pair,cell_holdout,0.1,0
PAXBP1P1,0.009915778413414955,0.041455961763858795,test_data,baseline,ridge_pair,cell_holdout,0.1,0
RNU2-65P,0.404026597738266,0.4541572332382202,test_data,baseline,ridge_pair,cell_holdout,0.1,0
LRRC37A6P,0.06382624059915543,0.1324457973241806,test_data,baseline,ridge_pair,cell_holdout,0.1,0
CTD-3091F23.1,0.001033767475746572,0.02386695146560669,test_data,baseline,ridge_pair,cell_holdout,0.1,0
CTD-3222D19.8,0.012951752170920372,0.04575128108263016,test_data,baseline,ridge_pair,cell_holdout,0.1,0
HMGB1P6,0.005925443023443222,0.035643912851810455,test_data,baseline,ridge_pair,cell_holdout,0.1,0
AC097467.2,0.04623116925358772,0.10579220950603485,test_data,baseline,ridge_pair,cell_holdout,0.1,0
MSMO1,0.22339247167110443,0.35833466053009033,test_data,baseline,ridge_pair,cell_holdout,0.1,0
RPS3P2,0.10568230599164963,0.19401876628398895,test_data,baseline,ridge_pair,cell_holdout,0.1,0
GPR149,0.03815813735127449,0.08955536037683487,test_data,baseline,ridge_pair,cell_holdout,0.1,0
RP1-302D9.1,0.015893029049038887,0.04935689643025398,test_data,baseline,ridge_pair,cell_holdout,0.1,0
OR2AG1,0.0019290947820991278,0.033189866691827774,test_data,baseline,ridge_pair,cell_holdout,0.1,0
ARHGAP26-AS1,0.0020188852213323116,0.0308900885283947,test_data,baseline,ridge_pair,cell_holdout,0.1,0
RP5-832C2.5,0.0028688146267086267,0.0351911224424839,test_data,baseline,ridge_pair,cell_holdout,0.1,0
TMEM163,0.0016750011127442122,0.02694142982363701,test_data,baseline,ridge_pair,cell_holdout,0.1,0
MIR7515HG,0.06078734248876572,0.09766798466444016,test_data,baseline,ridge_pair,cell_holdout,0.1,0
MRGPRX4,0.0010930447606369853,0.025138182565569878,test_data,baseline,ridge_pair,cell_holdout,0.1,0
PRR12,0.0019104003440588713,0.03344300016760826,test_data,baseline,ridge_pair,cell_holdout,0.1,0
RNU6-1316P,0.008717806078493595,0.04205233231186867,test_data,baseline,ridge_pair,cell_holdout,0.1,0
AMY1A,0.0022871389519423246,0.030339008197188377,test_data,baseline,ridge_pair,cell_holdout,0.1,0
ARIH2OS,0.002513011684641242,0.028948139399290085,test_data,baseline,ridge_pair,cell_holdout,0.1,0
RP11-700H6.2,0.0022171284072101116,0.03626581281423569,test_data,baseline,ridge_pair,cell_holdout,0.1,0
ABCC1,0.007495243102312088,0.040412891656160355,test_data,baseline,ridge_pair,cell_holdout,0.1,0
ADGRG7,0.0020898510701954365,0.028044316917657852,test_data,baseline,ridge_pair,cell_holdout,0.1,0
ACSM6,0.005966437514871359,0.03948807343840599,test_data,baseline,ridge_pair,cell_holdout,0.1,0
CR1,0.13236959278583527,0.24794411659240723,test_data,baseline,ridge_pair,cell_holdout,0.1,0
CRCT1,0.027811188250780106,0.06651908904314041,test_data,baseline,ridge_pair,cell_holdout,0.1,0
SMG7,0.001249208697117865,0.027450645342469215,test_data,baseline,ridge_pair,cell_holdout,0.1,0
RP11-16L14.2,0.018780600279569626,0.06538999825716019,test_data,baseline,ridge_pair,cell_holdout,0.1,0
CIBAR1P1,0.0017368387198075652,0.028092456981539726,test_data,baseline,ridge_pair,cell_holdout,0.1,0
CTD-2619J13.9,0.09526079148054123,0.11314745992422104,test_data,baseline,ridge_pair,cell_holdout,0.1,0
RP11-717A5.3,0.0026054708287119865,0.02906186692416668,test_data,baseline,ridge_pair,cell_holdout,0.1,0
CTD-2027I19.3,0.001185575034469366,0.02601095661520958,test_data,baseline,ridge_pair,cell_holdout,0.1,0
RP11-42H13.1,0.001397482119500637,0.02720917947590351,test_data,baseline,ridge_pair,cell_holdout,0.1,0
ERICH6,0.001642921008169651,0.028600726276636124,test_data,baseline,ridge_pair,cell_holdout,0.1,0
WASHC4,0.0012243867386132479,0.02676711603999138,test_data,baseline,ridge_pair,cell_holdout,0.1,0
RP1-269M15.3,0.0014445690903812647,0.028228759765625,test_data,baseline,ridge_pair,cell_holdout,0.1,0
RNU6-1153P,0.0014219307340681553,0.02834305167198181,test_data,baseline,ridge_pair,cell_holdout,0.1,0
CWF19L2,0.0014118802500888705,0.02959386445581913,test_data,baseline,ridge_pair,cell_holdout,0.1,0
RP11-24J19.1,0.0014849541475996375,0.027394283562898636,test_data,baseline,ridge_pair,cell_holdout,0.1,0
GAPDHP28,0.0013595196651294827,0.02824769914150238,test_data,baseline,ridge_pair,cell_holdout,0.1,0
MANSC1,0.0011755797313526273,0.025293363258242607,test_data,baseline,ridge_pair,cell_holdout,0.1,0
RP11-369K17.1,0.002154080430045724,0.03472551703453064,test_data,baseline,ridge_pair,cell_holdout,0.1,0
RP11-666A8.9,0.0023798218462616205,0.03053099848330021,test_data,baseline,ridge_pair,cell_holdout,0.1,0
PANK2,0.0018647527322173119,0.031423136591911316,test_data,baseline,ridge_pair,cell_holdout,0.1,0
RP11-95I16.6,0.0014419486979022622,0.029203688725829124,test_data,baseline,ridge_pair,cell_holdout,0.1,0
ACSM2A,0.0015354461502283812,0.03161484748125076,test_data,baseline,ridge_pair,cell_holdout,0.1,0
AP000233.3,0.001290218555368483,0.026231758296489716,test_data,baseline,ridge_pair,cell_holdout,0.1,0
SIGLEC24P,0.001784804160706699,0.03212076053023338,test_data,baseline,ridge_pair,cell_holdout,0.1,0
AC006077.3,0.0013549565337598324,0.02890150621533394,test_data,baseline,ridge_pair,cell_holdout,0.1,0
RP11-344P13.4,0.0013014397118240595,0.026371143758296967,test_data,baseline,ridge_pair,cell_holdout,0.1,0
RP4-612B18.3,0.001499311882071197,0.029766853898763657,test_data,baseline,ridge_pair,cell_holdout,0.1,0
RPL24P7,0.0018458920530974865,0.03319000452756882,test_data,baseline,ridge_pair,cell_holdout,0.1,0
MIR21,0.0018733077449724078,0.03365359455347061,test_data,scGPT_human,ridge_pair,cell_holdout,0.1,0
LLNLF-158E9.1,0.0432930588722229,0.11188709735870361,test_data,scGPT_human,ridge_pair,cell_holdout,0.1,0
BNIP3P17,0.003218919737264514,0.03900081664323807,test_data,scGPT_human,ridge_pair,cell_holdout,0.1,0
CTC-412M14.6,0.006528960540890694,0.03609881177544594,test_data,scGPT_human,ridge_pair,cell_holdout,0.1,0
RP11-638L3.2,0.08973576128482819,0.18963824212551117,test_data,scGPT_human,ridge_pair,cell_holdout,0.1,0
Y_RNA_ENSG00000252021,0.28191593289375305,0.3602243959903717,test_data,scGPT_human,ridge_pair,cell_holdout,0.1,0
YWHAQP6,0.013083316385746002,0.05029519647359848,test_data,scGPT_human,ridge_pair,cell_holdout,0.1,0
AC004985.12,0.006951863411813974,0.03835262730717659,test_data,scGPT_human,ridge_pair,cell_holdout,0.1,0
MTCO2P34,0.01006951741874218,0.04854660481214523,test_data,scGPT_human,ridge_pair,cell_holdout,0.1,0
RP5-1166A24.1,0.08814073354005814,0.16831350326538086,test_data,scGPT_human,ridge_pair,cell_holdout,0.1,0
PPIAP62,0.0021862066350877285,0.03501279652118683,test_data,scGPT_human,ridge_pair,cell_holdout,0.1,0
PAXBP1P1,0.01086270622909069,0.05287408083677292,test_data,scGPT_human,ridge_pair,cell_holdout,0.1,0
RNU2-65P,0.38169655203819275,0.4381345808506012,test_data,scGPT_human,ridge_pair,cell_holdout,0.1,0
LRRC37A6P,0.06280118972063065,0.13460896909236908,test_data,scGPT_human,ridge_pair,cell_holdout,0.1,0
CTD-3091F23.1,0.0019072010181844234,0.03238791227340698,test_data,scGPT_human,ridge_pair,cell_holdout,0.1,0
CTD-3222D19.8,0.013159014284610748,0.04733927175402641,test_data,scGPT_human,ridge_pair,cell_holdout,0.1,0
HMGB1P6,0.006708336994051933,0.04052483290433884,test_data,scGPT_human,ridge_pair,cell_holdout,0.1,0
AC097467.2,0.046866536140441895,0.1107308492064476,test_data,scGPT_human,ridge_pair,cell_holdout,0.1,0
MSMO1,0.21105261147022247,0.34905388951301575,test_data,scGPT_human,ridge_pair,cell_holdout,0.1,0
RPS3P2,0.09598535299301147,0.19001977145671844,test_data,scGPT_human,ridge_pair,cell_holdout,0.1,0
GPR149,0.036635324358940125,0.08729301393032074,test_data,scGPT_human,ridge_pair,cell_holdout,0.1,0
RP1-302D9.1,0.015099430456757545,0.053776904940605164,test_data,scGPT_human,ridge_pair,cell_holdout,0.1,0
OR2AG1,0.001717165345326066,0.03209226205945015,test_data,scGPT_human,ridge_pair,cell_holdout,0.1,0
ARHGAP26-AS1,0.0025788836646825075,0.03697122260928154,test_data,scGPT_human,ridge_pair,cell_holdout,0.1,0
RP5-832C2.5,0.0028129550628364086,0.035235919058322906,test_data,scGPT_human,ridge_pair,cell_holdout,0.1,0
TMEM163,0.0027849969919770956,0.03456079959869385,test_data,scGPT_human,ridge_pair,cell_holdout,0.1,0
MIR7515HG,0.059542812407016754,0.10175298899412155,test_data,scGPT_human,ridge_pair,cell_holdout,0.1,0
MRGPRX4,0.0014657217543572187,0.029400832951068878,test_data,scGPT_human,ridge_pair,cell_holdout,0.1,0
PRR12,0.0016683300491422415,0.031081972643733025,test_data,scGPT_human,ridge_pair,cell_holdout,0.1,0
RNU6-1316P,0.009311306290328503,0.04437969624996185,test_data,scGPT_human,ridge_pair,cell_holdout,0.1,0
AMY1A,0.002728845924139023,0.03417591378092766,test_data,scGPT_human,ridge_pair,cell_holdout,0.1,0
ARIH2OS,0.0034437261056154966,0.035321060568094254,test_data,scGPT_human,ridge_pair,cell_holdout,0.1,0
RP11-700H6.2,0.001854486996307969,0.032051436603069305,test_data,scGPT_human,ridge_pair,cell_holdout,0.1,0
ABCC1,0.007171924225986004,0.03965358808636665,test_data,scGPT_human,ridge_pair,cell_holdout,0.1,0
ADGRG7,0.0029891214799135923,0.03690768778324127,test_data,scGPT_human,ridge_pair,cell_holdout,0.1,0
ACSM6,0.005777826998382807,0.04173478111624718,test_data,scGPT_human,ridge_pair,cell_holdout,0.1,0
CR1,0.12953011691570282,0.2452310174703598,test_data,scGPT_human,ridge_pair,cell_holdout,0.1,0
CRCT1,0.027465663850307465,0.0728326365351677,test_data,scGPT_human,ridge_pair,cell_holdout,0.1,0
SMG7,0.001698155072517693,0.03181030601263046,test_data,scGPT_human,ridge_pair,cell_holdout,0.1,0
RP11-16L14.2,0.01856549084186554,0.0633886381983757,test_data,scGPT_human,ridge_pair,cell_holdout,0.1,0
CIBAR1P1,0.0028673207852989435,0.036780454218387604,test_data,scGPT_human,ridge_pair,cell_holdout,0.1,0
CTD-2619J13.9,0.095695860683918,0.11680090427398682,test_data,scGPT_human,ridge_pair,cell_holdout,0.1,0
RP11-717A5.3,0.0026102580595761538,0.030075877904891968,test_data,scGPT_human,ridge_pair,cell_holdout,0.1,0
CTD-2027I19.3,0.0017069779569283128,0.03094841167330742,test_data,scGPT_human,ridge_pair,cell_holdout,0.1,0
RP11-42H13.1,0.0020923507399857044,0.03463028743863106,test_data,scGPT_human,ridge_pair,cell_holdout,0.1,0
ERICH6,0.0018309054430574179,0.0314280241727829,test_data,scGPT_human,ridge_pair,cell_holdout,0.1,0
WASHC4,0.0017548197647556663,0.0323612242937088,test_data,scGPT_human,ridge_pair,cell_holdout,0.1,0
RP1-269M15.3,0.001899048569612205,0.03236013650894165,test_data,scGPT_human,ridge_pair,cell_holdout,0.1,0
RNU6-1153P,0.002188832266256213,0.03472282364964485,test_data,scGPT_human,ridge_pair,cell_holdout,0.1,0
CWF19L2,0.002044498920440674,0.03430824354290962,test_data,scGPT_human,ridge_pair,cell_holdout,0.1,0
RP11-24J19.1,0.0017391052097082138,0.03184881806373596,test_data,scGPT_human,ridge_pair,cell_holdout,0.1,0
GAPDHP28,0.001873433473519981,0.03273535519838333,test_data,scGPT_human,ridge_pair,cell_holdout,0.1,0
MANSC1,0.002170287072658539,0.03617134690284729,test_data,scGPT_human,ridge_pair,cell_holdout,0.1,0
RP11-369K17.1,0.002412885893136263,0.0380154512822628,test_data,scGPT_human,ridge_pair,cell_holdout,0.1,0
RP11-666A8.9,0.002529708668589592,0.03155040368437767,test_data,scGPT_human,ridge_pair,cell_holdout,0.1,0
PANK2,0.0017258629668504,0.03115951083600521,test_data,scGPT_human,ridge_pair,cell_holdout,0.1,0
RP11-95I16.6,0.0018099908484146,0.031917132437229156,test_data,scGPT_human,ridge_pair,cell_holdout,0.1,0
ACSM2A,0.002056864323094487,0.035137105733156204,test_data,scGPT_human,ridge_pair,cell_holdout,0.1,0
AP000233.3,0.001740295672789216,0.03153505548834801,test_data,scGPT_human,ridge_pair,cell_holdout,0.1,0
SIGLEC24P,0.0024340138770639896,0.037496551871299744,test_data,scGPT_human,ridge_pair,cell_holdout,0.1,0
AC006077.3,0.002004962647333741,0.03475464507937431,test_data,scGPT_human,ridge_pair,cell_holdout,0.1,0
RP11-344P13.4,0.002146555343642831,0.035268500447273254,test_data,scGPT_human,ridge_pair,cell_holdout,0.1,0
RP4-612B18.3,0.001896285335533321,0.03199572488665581,test_data,scGPT_human,ridge_pair,cell_holdout,0.1,0
RPL24P7,0.0019792611710727215,0.03353273868560791,test_data,scGPT_human,ridge_pair,cell_holdout,0.1,0
MIR21,0.0018800552934408188,0.032560788094997406,test_data,v4_bias_rec_best,ridge_pair,cell_holdout,0.1,0
LLNLF-158E9.1,0.043706052005290985,0.11141005903482437,test_data,v4_bias_rec_best,ridge_pair,cell_holdout,0.1,0
BNIP3P17,0.002221279311925173,0.02758156508207321,test_data,v4_bias_rec_best,ridge_pair,cell_holdout,0.1,0
CTC-412M14.6,0.006614623125642538,0.037263572216033936,test_data,v4_bias_rec_best,ridge_pair,cell_holdout,0.1,0
RP11-638L3.2,0.09079097956418991,0.18761053681373596,test_data,v4_bias_rec_best,ridge_pair,cell_holdout,0.1,0
Y_RNA_ENSG00000252021,0.3102307617664337,0.392701119184494,test_data,v4_bias_rec_best,ridge_pair,cell_holdout,0.1,0
YWHAQP6,0.013069264590740204,0.05072885379195213,test_data,v4_bias_rec_best,ridge_pair,cell_holdout,0.1,0
AC004985.12,0.007323873229324818,0.04234840348362923,test_data,v4_bias_rec_best,ridge_pair,cell_holdout,0.1,0
MTCO2P34,0.009336021728813648,0.03920217975974083,test_data,v4_bias_rec_best,ridge_pair,cell_holdout,0.1,0
RP5-1166A24.1,0.08966203033924103,0.16995498538017273,test_data,v4_bias_rec_best,ridge_pair,cell_holdout,0.1,0
PPIAP62,0.0014424172695726156,0.029540924355387688,test_data,v4_bias_rec_best,ridge_pair,cell_holdout,0.1,0
PAXBP1P1,0.010134113021194935,0.04575703293085098,test_data,v4_bias_rec_best,ridge_pair,cell_holdout,0.1,0
RNU2-65P,0.4041840136051178,0.455838680267334,test_data,v4_bias_rec_best,ridge_pair,cell_holdout,0.1,0
LRRC37A6P,0.06470244377851486,0.1346902698278427,test_data,v4_bias_rec_best,ridge_pair,cell_holdout,0.1,0
CTD-3091F23.1,0.0018960393499583006,0.03224603086709976,test_data,v4_bias_rec_best,ridge_pair,cell_holdout,0.1,0
CTD-3222D19.8,0.012776685878634453,0.04463433846831322,test_data,v4_bias_rec_best,ridge_pair,cell_holdout,0.1,0
HMGB1P6,0.0056472159922122955,0.03341909870505333,test_data,v4_bias_rec_best,ridge_pair,cell_holdout,0.1,0
AC097467.2,0.04682465270161629,0.10670675337314606,test_data,v4_bias_rec_best,ridge_pair,cell_holdout,0.1,0
MSMO1,0.2212119698524475,0.3568236827850342,test_data,v4_bias_rec_best,ridge_pair,cell_holdout,0.1,0
RPS3P2,0.10015855729579926,0.19285543262958527,test_data,v4_bias_rec_best,ridge_pair,cell_holdout,0.1,0
GPR149,0.03782972693443298,0.09164303541183472,test_data,v4_bias_rec_best,ridge_pair,cell_holdout,0.1,0
RP1-302D9.1,0.014620237052440643,0.04710932821035385,test_data,v4_bias_rec_best,ridge_pair,cell_holdout,0.1,0
OR2AG1,0.0023345572408288717,0.0376596599817276,test_data,v4_bias_rec_best,ridge_pair,cell_holdout,0.1,0
ARHGAP26-AS1,0.0023063498083502054,0.030127285048365593,test_data,v4_bias_rec_best,ridge_pair,cell_holdout,0.1,0
RP5-832C2.5,0.002786013064906001,0.034221697598695755,test_data,v4_bias_rec_best,ridge_pair,cell_holdout,0.1,0
TMEM163,0.002124036895111203,0.03110833652317524,test_data,v4_bias_rec_best,ridge_pair,cell_holdout,0.1,0
MIR7515HG,0.05999030917882919,0.10195841640233994,test_data,v4_bias_rec_best,ridge_pair,cell_holdout,0.1,0
MRGPRX4,0.001382728572934866,0.027677137404680252,test_data,v4_bias_rec_best,ridge_pair,cell_holdout,0.1,0
PRR12,0.002061464823782444,0.0339493565261364,test_data,v4_bias_rec_best,ridge_pair,cell_holdout,0.1,0
RNU6-1316P,0.009496059268712997,0.0442807599902153,test_data,v4_bias_rec_best,ridge_pair,cell_holdout,0.1,0
AMY1A,0.0022170748561620712,0.02887214906513691,test_data,v4_bias_rec_best,ridge_pair,cell_holdout,0.1,0
ARIH2OS,0.002660412108525634,0.030212892219424248,test_data,v4_bias_rec_best,ridge_pair,cell_holdout,0.1,0
RP11-700H6.2,0.001547055784612894,0.030808843672275543,test_data,v4_bias_rec_best,ridge_pair,cell_holdout,0.1,0
ABCC1,0.007169893942773342,0.03954479843378067,test_data,v4_bias_rec_best,ridge_pair,cell_holdout,0.1,0
ADGRG7,0.002304577035829425,0.02922956459224224,test_data,v4_bias_rec_best,ridge_pair,cell_holdout,0.1,0
ACSM6,0.005829980596899986,0.03961031138896942,test_data,v4_bias_rec_best,ridge_pair,cell_holdout,0.1,0
CR1,0.13184420764446259,0.24887996912002563,test_data,v4_bias_rec_best,ridge_pair,cell_holdout,0.1,0
CRCT1,0.02949065901339054,0.07274840772151947,test_data,v4_bias_rec_best,ridge_pair,cell_holdout,0.1,0
SMG7,0.0014122046995908022,0.02839641273021698,test_data,v4_bias_rec_best,ridge_pair,cell_holdout,0.1,0
RP11-16L14.2,0.018589207902550697,0.06152094900608063,test_data,v4_bias_rec_best,ridge_pair,cell_holdout,0.1,0
CIBAR1P1,0.0021301372908055782,0.034404218196868896,test_data,v4_bias_rec_best,ridge_pair,cell_holdout,0.1,0
CTD-2619J13.9,0.09628961235284805,0.11575829982757568,test_data,v4_bias_rec_best,ridge_pair,cell_holdout,0.1,0
RP11-717A5.3,0.0033355255145579576,0.03471512719988823,test_data,v4_bias_rec_best,ridge_pair,cell_holdout,0.1,0
CTD-2027I19.3,0.0017337255412712693,0.031145839020609856,test_data,v4_bias_rec_best,ridge_pair,cell_holdout,0.1,0
RP11-42H13.1,0.0014572653453797102,0.02829003892838955,test_data,v4_bias_rec_best,ridge_pair,cell_holdout,0.1,0
ERICH6,0.0016845391364768147,0.03216315433382988,test_data,v4_bias_rec_best,ridge_pair,cell_holdout,0.1,0
WASHC4,0.00112998450640589,0.02552180550992489,test_data,v4_bias_rec_best,ridge_pair,cell_holdout,0.1,0
RP1-269M15.3,0.0010914360173046589,0.025180216878652573,test_data,v4_bias_rec_best,ridge_pair,cell_holdout,0.1,0
RNU6-1153P,0.001563806552439928,0.027969520539045334,test_data,v4_bias_rec_best,ridge_pair,cell_holdout,0.1,0
CWF19L2,0.0017867486458271742,0.03267580643296242,test_data,v4_bias_rec_best,ridge_pair,cell_holdout,0.1,0
RP11-24J19.1,0.0016262347344309092,0.030815627425909042,test_data,v4_bias_rec_best,ridge_pair,cell_holdout,0.1,0
GAPDHP28,0.001705600181594491,0.03045613132417202,test_data,v4_bias_rec_best,ridge_pair,cell_holdout,0.1,0
MANSC1,0.0011541502317413688,0.025209255516529083,test_data,v4_bias_rec_best,ridge_pair,cell_holdout,0.1,0
RP11-369K17.1,0.0016592965694144368,0.031755220144987106,test_data,v4_bias_rec_best,ridge_pair,cell_holdout,0.1,0
RP11-666A8.9,0.0022630998864769936,0.029162229970097542,test_data,v4_bias_rec_best,ridge_pair,cell_holdout,0.1,0
PANK2,0.0011847126297652721,0.02685014344751835,test_data,v4_bias_rec_best,ridge_pair,cell_holdout,0.1,0
RP11-95I16.6,0.0012400769628584385,0.02622411400079727,test_data,v4_bias_rec_best,ridge_pair,cell_holdout,0.1,0
ACSM2A,0.0010953944874927402,0.024951521307229996,test_data,v4_bias_rec_best,ridge_pair,cell_holdout,0.1,0
AP000233.3,0.0014546988531947136,0.029484402388334274,test_data,v4_bias_rec_best,ridge_pair,cell_holdout,0.1,0
SIGLEC24P,0.001980526838451624,0.033776286989450455,test_data,v4_bias_rec_best,ridge_pair,cell_holdout,0.1,0
AC006077.3,0.0012770607136189938,0.026236532256007195,test_data,v4_bias_rec_best,ridge_pair,cell_holdout,0.1,0
RP11-344P13.4,0.0013367744395509362,0.028181210160255432,test_data,v4_bias_rec_best,ridge_pair,cell_holdout,0.1,0
RP4-612B18.3,0.001178646576590836,0.025713715702295303,test_data,v4_bias_rec_best,ridge_pair,cell_holdout,0.1,0
RPL24P7,0.0015646812971681356,0.03093949891626835,test_data,v4_bias_rec_best,ridge_pair,cell_holdout,0.1,0
MIR21,0.0014667378272861242,0.029736457392573357,test_data,v4_plain_best,ridge_pair,cell_holdout,0.1,0
LLNLF-158E9.1,0.04472970589995384,0.1131250262260437,test_data,v4_plain_best,ridge_pair,cell_holdout,0.1,0
BNIP3P17,0.0025437306612730026,0.03219496086239815,test_data,v4_plain_best,ridge_pair,cell_holdout,0.1,0
CTC-412M14.6,0.006526132579892874,0.037156715989112854,test_data,v4_plain_best,ridge_pair,cell_holdout,0.1,0
RP11-638L3.2,0.09162767976522446,0.18958616256713867,test_data,v4_plain_best,ridge_pair,cell_holdout,0.1,0
Y_RNA_ENSG00000252021,0.31981322169303894,0.3951626718044281,test_data,v4_plain_best,ridge_pair,cell_holdout,0.1,0
YWHAQP6,0.012627588585019112,0.05382935702800751,test_data,v4_plain_best,ridge_pair,cell_holdout,0.1,0
AC004985.12,0.006718871649354696,0.03747696802020073,test_data,v4_plain_best,ridge_pair,cell_holdout,0.1,0
MTCO2P34,0.009342645294964314,0.03912300243973732,test_data,v4_plain_best,ridge_pair,cell_holdout,0.1,0
RP5-1166A24.1,0.09073320031166077,0.17004632949829102,test_data,v4_plain_best,ridge_pair,cell_holdout,0.1,0
PPIAP62,0.001825524028390646,0.03154896944761276,test_data,v4_plain_best,ridge_pair,cell_holdout,0.1,0
PAXBP1P1,0.01003288384526968,0.04198629781603813,test_data,v4_plain_best,ridge_pair,cell_holdout,0.1,0
RNU2-65P,0.41155189275741577,0.45936840772628784,test_data,v4_plain_best,ridge_pair,cell_holdout,0.1,0
LRRC37A6P,0.06572332978248596,0.13532888889312744,test_data,v4_plain_best,ridge_pair,cell_holdout,0.1,0
CTD-3091F23.1,0.0016922657378017902,0.0324527807533741,test_data,v4_plain_best,ridge_pair,cell_holdout,0.1,0
CTD-3222D19.8,0.012632262893021107,0.042862191796302795,test_data,v4_plain_best,ridge_pair,cell_holdout,0.1,0
HMGB1P6,0.005912198219448328,0.036078888922929764,test_data,v4_plain_best,ridge_pair,cell_holdout,0.1,0
AC097467.2,0.046651992946863174,0.10276222229003906,test_data,v4_plain_best,ridge_pair,cell_holdout,0.1,0
MSMO1,0.21929620206356049,0.3541577458381653,test_data,v4_plain_best,ridge_pair,cell_holdout,0.1,0
RPS3P2,0.10643916577100754,0.19663473963737488,test_data,v4_plain_best,ridge_pair,cell_holdout,0.1,0
GPR149,0.03871733695268631,0.08900418132543564,test_data,v4_plain_best,ridge_pair,cell_holdout,0.1,0
RP1-302D9.1,0.01463292445987463,0.04826412349939346,test_data,v4_plain_best,ridge_pair,cell_holdout,0.1,0
OR2AG1,0.00132788997143507,0.0284771416336298,test_data,v4_plain_best,ridge_pair,cell_holdout,0.1,0
ARHGAP26-AS1,0.0016908120596781373,0.028684383258223534,test_data,v4_plain_best,ridge_pair,cell_holdout,0.1,0
RP5-832C2.5,0.002528626937419176,0.03521885350346565,test_data,v4_plain_best,ridge_pair,cell_holdout,0.1,0
TMEM163,0.0017818352207541466,0.028348904103040695,test_data,v4_plain_best,ridge_pair,cell_holdout,0.1,0
MIR7515HG,0.06043083965778351,0.09653477370738983,test_data,v4_plain_best,ridge_pair,cell_holdout,0.1,0
MRGPRX4,0.001232723705470562,0.027667447924613953,test_data,v4_plain_best,ridge_pair,cell_holdout,0.1,0
PRR12,0.0020099272951483727,0.03420764207839966,test_data,v4_plain_best,ridge_pair,cell_holdout,0.1,0
RNU6-1316P,0.009252226911485195,0.04474702104926109,test_data,v4_plain_best,ridge_pair,cell_holdout,0.1,0
AMY1A,0.0028660886455327272,0.03530443087220192,test_data,v4_plain_best,ridge_pair,cell_holdout,0.1,0
ARIH2OS,0.0025761325377970934,0.028888003900647163,test_data,v4_plain_best,ridge_pair,cell_holdout,0.1,0
RP11-700H6.2,0.0019416623981669545,0.03407132998108864,test_data,v4_plain_best,ridge_pair,cell_holdout,0.1,0
ABCC1,0.00671112397685647,0.03477758914232254,test_data,v4_plain_best,ridge_pair,cell_holdout,0.1,0
ADGRG7,0.0023316554725170135,0.029983393847942352,test_data,v4_plain_best,ridge_pair,cell_holdout,0.1,0
ACSM6,0.005471369717270136,0.037347204983234406,test_data,v4_plain_best,ridge_pair,cell_holdout,0.1,0
CR1,0.13103218376636505,0.24887940287590027,test_data,v4_plain_best,ridge_pair,cell_holdout,0.1,0
CRCT1,0.027890445664525032,0.07441060245037079,test_data,v4_plain_best,ridge_pair,cell_holdout,0.1,0
SMG7,0.000969800166785717,0.023344730958342552,test_data,v4_plain_best,ridge_pair,cell_holdout,0.1,0
RP11-16L14.2,0.017967846244573593,0.060628585517406464,test_data,v4_plain_best,ridge_pair,cell_holdout,0.1,0
CIBAR1P1,0.0017161695286631584,0.028323223814368248,test_data,v4_plain_best,ridge_pair,cell_holdout,0.1,0
CTD-2619J13.9,0.0963737890124321,0.11278767138719559,test_data,v4_plain_best,ridge_pair,cell_holdout,0.1,0
RP11-717A5.3,0.0032919831573963165,0.035185307264328,test_data,v4_plain_best,ridge_pair,cell_holdout,0.1,0
CTD-2027I19.3,0.001585175283253193,0.028575630858540535,test_data,v4_plain_best,ridge_pair,cell_holdout,0.1,0
RP11-42H13.1,0.0018655043095350266,0.0316583514213562,test_data,v4_plain_best,ridge_pair,cell_holdout,0.1,0
ERICH6,0.001892432221211493,0.031470052897930145,test_data,v4_plain_best,ridge_pair,cell_holdout,0.1,0
WASHC4,0.0011467428412288427,0.026126082986593246,test_data,v4_plain_best,ridge_pair,cell_holdout,0.1,0
RP1-269M15.3,0.0015043168095871806,0.02758229896426201,test_data,v4_plain_best,ridge_pair,cell_holdout,0.1,0
RNU6-1153P,0.0016935955500230193,0.03127273544669151,test_data,v4_plain_best,ridge_pair,cell_holdout,0.1,0
CWF19L2,0.001559635391458869,0.029892954975366592,test_data,v4_plain_best,ridge_pair,cell_holdout,0.1,0
RP11-24J19.1,0.0012831486528739333,0.026956455782055855,test_data,v4_plain_best,ridge_pair,cell_holdout,0.1,0
GAPDHP28,0.0015107892686501145,0.03071632795035839,test_data,v4_plain_best,ridge_pair,cell_holdout,0.1,0
MANSC1,0.0014935460640117526,0.02962263859808445,test_data,v4_plain_best,ridge_pair,cell_holdout,0.1,0
RP11-369K17.1,0.0018379089888185263,0.03193698450922966,test_data,v4_plain_best,ridge_pair,cell_holdout,0.1,0
RP11-666A8.9,0.0021617207676172256,0.028691768646240234,test_data,v4_plain_best,ridge_pair,cell_holdout,0.1,0
PANK2,0.00130694720428437,0.02690030261874199,test_data,v4_plain_best,ridge_pair,cell_holdout,0.1,0
RP11-95I16.6,0.0012624688679352403,0.02801230177283287,test_data,v4_plain_best,ridge_pair,cell_holdout,0.1,0
ACSM2A,0.0013543519889935851,0.028055785223841667,test_data,v4_plain_best,ridge_pair,cell_holdout,0.1,0
AP000233.3,0.0012765281135216355,0.026156829670071602,test_data,v4_plain_best,ridge_pair,cell_holdout,0.1,0
SIGLEC24P,0.0014978140825405717,0.029372569173574448,test_data,v4_plain_best,ridge_pair,cell_holdout,0.1,0
AC006077.3,0.0021864401642233133,0.03532255440950394,test_data,v4_plain_best,ridge_pair,cell_holdout,0.1,0
RP11-344P13.4,0.0013234250945970416,0.027738487347960472,test_data,v4_plain_best,ridge_pair,cell_holdout,0.1,0
RP4-612B18.3,0.001357440953142941,0.02825772948563099,test_data,v4_plain_best,ridge_pair,cell_holdout,0.1,0
RPL24P7,0.0014909951714798808,0.028674127534031868,test_data,v4_plain_best,ridge_pair,cell_holdout,0.1,0
MIR21,0.0018288262654095888,0.03201431408524513,test_data,v4_type_pe_best,ridge_pair,cell_holdout,0.1,0
LLNLF-158E9.1,0.043795790523290634,0.11161387711763382,test_data,v4_type_pe_best,ridge_pair,cell_holdout,0.1,0
BNIP3P17,0.0023067432921379805,0.030037757009267807,test_data,v4_type_pe_best,ridge_pair,cell_holdout,0.1,0
CTC-412M14.6,0.006428433116525412,0.038040049374103546,test_data,v4_type_pe_best,ridge_pair,cell_holdout,0.1,0
RP11-638L3.2,0.08935293555259705,0.18871267139911652,test_data,v4_type_pe_best,ridge_pair,cell_holdout,0.1,0
Y_RNA_ENSG00000252021,0.3170889914035797,0.39238980412483215,test_data,v4_type_pe_best,ridge_pair,cell_holdout,0.1,0
YWHAQP6,0.014007600955665112,0.056398071348667145,test_data,v4_type_pe_best,ridge_pair,cell_holdout,0.1,0
AC004985.12,0.007682602386921644,0.03835705295205116,test_data,v4_type_pe_best,ridge_pair,cell_holdout,0.1,0
MTCO2P34,0.009891586378216743,0.04235494136810303,test_data,v4_type_pe_best,ridge_pair,cell_holdout,0.1,0
RP5-1166A24.1,0.09157492965459824,0.17220370471477509,test_data,v4_type_pe_best,ridge_pair,cell_holdout,0.1,0
PPIAP62,0.001488044741563499,0.031142618507146835,test_data,v4_type_pe_best,ridge_pair,cell_holdout,0.1,0
PAXBP1P1,0.010584034025669098,0.05125013738870621,test_data,v4_type_pe_best,ridge_pair,cell_holdout,0.1,0
RNU2-65P,0.4053584635257721,0.4609297513961792,test_data,v4_type_pe_best,ridge_pair,cell_holdout,0.1,0
LRRC37A6P,0.06639839708805084,0.13343243300914764,test_data,v4_type_pe_best,ridge_pair,cell_holdout,0.1,0
CTD-3091F23.1,0.0013148749712854624,0.027680180966854095,test_data,v4_type_pe_best,ridge_pair,cell_holdout,0.1,0
CTD-3222D19.8,0.012815553694963455,0.044344495981931686,test_data,v4_type_pe_best,ridge_pair,cell_holdout,0.1,0
HMGB1P6,0.006027983035892248,0.03326620161533356,test_data,v4_type_pe_best,ridge_pair,cell_holdout,0.1,0
AC097467.2,0.04681893810629845,0.1031312569975853,test_data,v4_type_pe_best,ridge_pair,cell_holdout,0.1,0
MSMO1,0.22364331781864166,0.35982006788253784,test_data,v4_type_pe_best,ridge_pair,cell_holdout,0.1,0
RPS3P2,0.10846132040023804,0.1952436864376068,test_data,v4_type_pe_best,ridge_pair,cell_holdout,0.1,0
GPR149,0.03859079256653786,0.0926106870174408,test_data,v4_type_pe_best,ridge_pair,cell_holdout,0.1,0
RP1-302D9.1,0.01525995321571827,0.05310231074690819,test_data,v4_type_pe_best,ridge_pair,cell_holdout,0.1,0
OR2AG1,0.0013798982836306095,0.028227422386407852,test_data,v4_type_pe_best,ridge_pair,cell_holdout,0.1,0
ARHGAP26-AS1,0.0019015424186363816,0.029460981488227844,test_data,v4_type_pe_best,ridge_pair,cell_holdout,0.1,0
RP5-832C2.5,0.002578344428911805,0.033599432557821274,test_data,v4_type_pe_best,ridge_pair,cell_holdout,0.1,0
TMEM163,0.002195249777287245,0.03182500973343849,test_data,v4_type_pe_best,ridge_pair,cell_holdout,0.1,0
MIR7515HG,0.06113310530781746,0.10097949951887131,test_data,v4_type_pe_best,ridge_pair,cell_holdout,0.1,0
MRGPRX4,0.0012627728283405304,0.02662452682852745,test_data,v4_type_pe_best,ridge_pair,cell_holdout,0.1,0
PRR12,0.0018506896449252963,0.033167146146297455,test_data,v4_type_pe_best,ridge_pair,cell_holdout,0.1,0
RNU6-1316P,0.009103292599320412,0.039439938962459564,test_data,v4_type_pe_best,ridge_pair,cell_holdout,0.1,0
AMY1A,0.0026837054174393415,0.03430173918604851,test_data,v4_type_pe_best,ridge_pair,cell_holdout,0.1,0
ARIH2OS,0.002633087569847703,0.02900202013552189,test_data,v4_type_pe_best,ridge_pair,cell_holdout,0.1,0
RP11-700H6.2,0.0012686450500041246,0.026997724547982216,test_data,v4_type_pe_best,ridge_pair,cell_holdout,0.1,0
ABCC1,0.007748930249363184,0.045199353247880936,test_data,v4_type_pe_best,ridge_pair,cell_holdout,0.1,0
ADGRG7,0.002822400303557515,0.03490659222006798,test_data,v4_type_pe_best,ridge_pair,cell_holdout,0.1,0
ACSM6,0.006514670327305794,0.04757555574178696,test_data,v4_type_pe_best,ridge_pair,cell_holdout,0.1,0
CR1,0.13194778561592102,0.24848297238349915,test_data,v4_type_pe_best,ridge_pair,cell_holdout,0.1,0
CRCT1,0.02809930220246315,0.0635683685541153,test_data,v4_type_pe_best,ridge_pair,cell_holdout,0.1,0
SMG7,0.0012355628423392773,0.02585134096443653,test_data,v4_type_pe_best,ridge_pair,cell_holdout,0.1,0
RP11-16L14.2,0.01833411492407322,0.05372022092342377,test_data,v4_type_pe_best,ridge_pair,cell_holdout,0.1,0
CIBAR1P1,0.0020099119283258915,0.031717609614133835,test_data,v4_type_pe_best,ridge_pair,cell_holdout,0.1,0
CTD-2619J13.9,0.09665390104055405,0.109099842607975,test_data,v4_type_pe_best,ridge_pair,cell_holdout,0.1,0
RP11-717A5.3,0.0025878434535115957,0.03053915873169899,test_data,v4_type_pe_best,ridge_pair,cell_holdout,0.1,0
CTD-2027I19.3,0.0014052321203052998,0.027608158066868782,test_data,v4_type_pe_best,ridge_pair,cell_holdout,0.1,0
RP11-42H13.1,0.0016064996598288417,0.029986707493662834,test_data,v4_type_pe_best,ridge_pair,cell_holdout,0.1,0
ERICH6,0.0015647603431716561,0.03083750605583191,test_data,v4_type_pe_best,ridge_pair,cell_holdout,0.1,0
WASHC4,0.0015520687447860837,0.02908160537481308,test_data,v4_type_pe_best,ridge_pair,cell_holdout,0.1,0
RP1-269M15.3,0.001404821639880538,0.028081925585865974,test_data,v4_type_pe_best,ridge_pair,cell_holdout,0.1,0
RNU6-1153P,0.0018323285039514303,0.03215577080845833,test_data,v4_type_pe_best,ridge_pair,cell_holdout,0.1,0
CWF19L2,0.0009926799684762955,0.02404945157468319,test_data,v4_type_pe_best,ridge_pair,cell_holdout,0.1,0
RP11-24J19.1,0.001472477917559445,0.027692463248968124,test_data,v4_type_pe_best,ridge_pair,cell_holdout,0.1,0
GAPDHP28,0.0013594123302027583,0.028193144127726555,test_data,v4_type_pe_best,ridge_pair,cell_holdout,0.1,0
MANSC1,0.0019583043176680803,0.034154199063777924,test_data,v4_type_pe_best,ridge_pair,cell_holdout,0.1,0
RP11-369K17.1,0.0024059542920440435,0.03648074343800545,test_data,v4_type_pe_best,ridge_pair,cell_holdout,0.1,0
RP11-666A8.9,0.002585280453786254,0.030827155336737633,test_data,v4_type_pe_best,ridge_pair,cell_holdout,0.1,0
PANK2,0.0013700984418392181,0.028044117614626884,test_data,v4_type_pe_best,ridge_pair,cell_holdout,0.1,0
RP11-95I16.6,0.0012808573665097356,0.027247022837400436,test_data,v4_type_pe_best,ridge_pair,cell_holdout,0.1,0
ACSM2A,0.001090756617486477,0.024813082069158554,test_data,v4_type_pe_best,ridge_pair,cell_holdout,0.1,0
AP000233.3,0.001329539343714714,0.026599930599331856,test_data,v4_type_pe_best,ridge_pair,cell_holdout,0.1,0
SIGLEC24P,0.0014866385608911514,0.029115591198205948,test_data,v4_type_pe_best,ridge_pair,cell_holdout,0.1,0
AC006077.3,0.001485413988120854,0.028200874105095863,test_data,v4_type_pe_best,ridge_pair,cell_holdout,0.1,0
RP11-344P13.4,0.0014125671004876494,0.028525460511446,test_data,v4_type_pe_best,ridge_pair,cell_holdout,0.1,0
RP4-612B18.3,0.0022960668429732323,0.03406595066189766,test_data,v4_type_pe_best,ridge_pair,cell_holdout,0.1,0
RPL24P7,0.001536404131911695,0.02927440218627453,test_data,v4_type_pe_best,ridge_pair,cell_holdout,0.1,0
MIR21,0.0024507101625204086,0.038205336779356,test_data,scconcept,ridge_pair,cell_holdout,0.1,0
LLNLF-158E9.1,0.04357479140162468,0.1108744665980339,test_data,scconcept,ridge_pair,cell_holdout,0.1,0
BNIP3P17,0.0026817102916538715,0.03403408080339432,test_data,scconcept,ridge_pair,cell_holdout,0.1,0
CTC-412M14.6,0.006460121832787991,0.037006691098213196,test_data,scconcept,ridge_pair,cell_holdout,0.1,0
RP11-638L3.2,0.09207023680210114,0.19001154601573944,test_data,scconcept,ridge_pair,cell_holdout,0.1,0
Y_RNA_ENSG00000252021,0.3106725811958313,0.3869979977607727,test_data,scconcept,ridge_pair,cell_holdout,0.1,0
YWHAQP6,0.015296653844416142,0.056355807930231094,test_data,scconcept,ridge_pair,cell_holdout,0.1,0
AC004985.12,0.007300133351236582,0.03893047198653221,test_data,scconcept,ridge_pair,cell_holdout,0.1,0
MTCO2P34,0.009262718260288239,0.042054567486047745,test_data,scconcept,ridge_pair,cell_holdout,0.1,0
RP5-1166A24.1,0.09121286123991013,0.17145031690597534,test_data,scconcept,ridge_pair,cell_holdout,0.1,0
PPIAP62,0.0019650731701403856,0.03226398304104805,test_data,scconcept,ridge_pair,cell_holdout,0.1,0
PAXBP1P1,0.010688148438930511,0.041957128793001175,test_data,scconcept,ridge_pair,cell_holdout,0.1,0
RNU2-65P,0.3865188658237457,0.4423699378967285,test_data,scconcept,ridge_pair,cell_holdout,0.1,0
LRRC37A6P,0.07432573288679123,0.1415167897939682,test_data,scconcept,ridge_pair,cell_holdout,0.1,0
CTD-3091F23.1,0.0020495459903031588,0.03278988227248192,test_data,scconcept,ridge_pair,cell_holdout,0.1,0
CTD-3222D19.8,0.01346012856811285,0.048027969896793365,test_data,scconcept,ridge_pair,cell_holdout,0.1,0
HMGB1P6,0.006572189275175333,0.042687155306339264,test_data,scconcept,ridge_pair,cell_holdout,0.1,0
AC097467.2,0.04844486340880394,0.10608284175395966,test_data,scconcept,ridge_pair,cell_holdout,0.1,0
MSMO1,0.21741066873073578,0.35221174359321594,test_data,scconcept,ridge_pair,cell_holdout,0.1,0
RPS3P2,0.1240909993648529,0.20346049964427948,test_data,scconcept,ridge_pair,cell_holdout,0.1,0
GPR149,0.04602707922458649,0.09632542729377747,test_data,scconcept,ridge_pair,cell_holdout,0.1,0
RP1-302D9.1,0.015253527089953423,0.05371163412928581,test_data,scconcept,ridge_pair,cell_holdout,0.1,0
OR2AG1,0.0020120972767472267,0.03399037942290306,test_data,scconcept,ridge_pair,cell_holdout,0.1,0
ARHGAP26-AS1,0.0024838107638061047,0.03514828532934189,test_data,scconcept,ridge_pair,cell_holdout,0.1,0
RP5-832C2.5,0.002570834942162037,0.0335821770131588,test_data,scconcept,ridge_pair,cell_holdout,0.1,0
TMEM163,0.002533345017582178,0.035211239010095596,test_data,scconcept,ridge_pair,cell_holdout,0.1,0
MIR7515HG,0.06025651469826698,0.09935730695724487,test_data,scconcept,ridge_pair,cell_holdout,0.1,0
MRGPRX4,0.0016988683491945267,0.03022228367626667,test_data,scconcept,ridge_pair,cell_holdout,0.1,0
PRR12,0.001487044501118362,0.030044766142964363,test_data,scconcept,ridge_pair,cell_holdout,0.1,0
RNU6-1316P,0.00995129905641079,0.04162632301449776,test_data,scconcept,ridge_pair,cell_holdout,0.1,0
AMY1A,0.003005686216056347,0.036500051617622375,test_data,scconcept,ridge_pair,cell_holdout,0.1,0
ARIH2OS,0.0032201523426920176,0.03600181266665459,test_data,scconcept,ridge_pair,cell_holdout,0.1,0
RP11-700H6.2,0.0019351548980921507,0.03325624018907547,test_data,scconcept,ridge_pair,cell_holdout,0.1,0
ABCC1,0.006724603474140167,0.038023680448532104,test_data,scconcept,ridge_pair,cell_holdout,0.1,0
ADGRG7,0.0027190533000975847,0.034982942044734955,test_data,scconcept,ridge_pair,cell_holdout,0.1,0
ACSM6,0.005846696440130472,0.0424128957092762,test_data,scconcept,ridge_pair,cell_holdout,0.1,0
CR1,0.12961965799331665,0.2466225028038025,test_data,scconcept,ridge_pair,cell_holdout,0.1,0
CRCT1,0.028426816686987877,0.07207223773002625,test_data,scconcept,ridge_pair,cell_holdout,0.1,0
SMG7,0.0021395524963736534,0.035037606954574585,test_data,scconcept,ridge_pair,cell_holdout,0.1,0
RP11-16L14.2,0.01829121820628643,0.0588422529399395,test_data,scconcept,ridge_pair,cell_holdout,0.1,0
CIBAR1P1,0.0024347668513655663,0.0346701443195343,test_data,scconcept,ridge_pair,cell_holdout,0.1,0
CTD-2619J13.9,0.09629125893115997,0.11841540783643723,test_data,scconcept,ridge_pair,cell_holdout,0.1,0
RP11-717A5.3,0.0027859131805598736,0.03283974528312683,test_data,scconcept,ridge_pair,cell_holdout,0.1,0
CTD-2027I19.3,0.002403819002211094,0.037507593631744385,test_data,scconcept,ridge_pair,cell_holdout,0.1,0
RP11-42H13.1,0.0017963891150429845,0.032110124826431274,test_data,scconcept,ridge_pair,cell_holdout,0.1,0
ERICH6,0.0017732591368258,0.032697487622499466,test_data,scconcept,ridge_pair,cell_holdout,0.1,0
WASHC4,0.0021946632768958807,0.03583058342337608,test_data,scconcept,ridge_pair,cell_holdout,0.1,0
RP1-269M15.3,0.0018905398901551962,0.03304591029882431,test_data,scconcept,ridge_pair,cell_holdout,0.1,0
RNU6-1153P,0.0019106040708720684,0.034690916538238525,test_data,scconcept,ridge_pair,cell_holdout,0.1,0
CWF19L2,0.002017045859247446,0.032830800861120224,test_data,scconcept,ridge_pair,cell_holdout,0.1,0
RP11-24J19.1,0.0017314176075160503,0.03223436698317528,test_data,scconcept,ridge_pair,cell_holdout,0.1,0
GAPDHP28,0.0015895516844466329,0.029752785339951515,test_data,scconcept,ridge_pair,cell_holdout,0.1,0
MANSC1,0.0019056296441704035,0.0324149951338768,test_data,scconcept,ridge_pair,cell_holdout,0.1,0
RP11-369K17.1,0.0019523350056260824,0.03266185522079468,test_data,scconcept,ridge_pair,cell_holdout,0.1,0
RP11-666A8.9,0.002822382841259241,0.034622061997652054,test_data,scconcept,ridge_pair,cell_holdout,0.1,0
PANK2,0.001803025952540338,0.03249169513583183,test_data,scconcept,ridge_pair,cell_holdout,0.1,0
RP11-95I16.6,0.0019500148482620716,0.031678009778261185,test_data,scconcept,ridge_pair,cell_holdout,0.1,0
ACSM2A,0.0020726346410810947,0.03452015295624733,test_data,scconcept,ridge_pair,cell_holdout,0.1,0
AP000233.3,0.0017258034786209464,0.031644586473703384,test_data,scconcept,ridge_pair,cell_holdout,0.1,0
SIGLEC24P,0.001934441039338708,0.033251985907554626,test_data,scconcept,ridge_pair,cell_holdout,0.1,0
AC006077.3,0.002403605030849576,0.03826136887073517,test_data,scconcept,ridge_pair,cell_holdout,0.1,0
RP11-344P13.4,0.0018828370375558734,0.03317023441195488,test_data,scconcept,ridge_pair,cell_holdout,0.1,0
RP4-612B18.3,0.0021830182522535324,0.034738969057798386,test_data,scconcept,ridge_pair,cell_holdout,0.1,0
RPL24P7,0.0016192867187783122,0.030971016734838486,test_data,scconcept,ridge_pair,cell_holdout,0.1,0
MIR21,0.0009748765151016414,0.023151958361268044,test_data,scconcept_encoded,ridge_pair,cell_holdout,0.1,0
LLNLF-158E9.1,0.04311060160398483,0.10829390585422516,test_data,scconcept_encoded,ridge_pair,cell_holdout,0.1,0
BNIP3P17,0.0028809099458158016,0.03529312461614609,test_data,scconcept_encoded,ridge_pair,cell_holdout,0.1,0
CTC-412M14.6,0.006170821841806173,0.034639161080121994,test_data,scconcept_encoded,ridge_pair,cell_holdout,0.1,0
RP11-638L3.2,0.0922318771481514,0.18748149275779724,test_data,scconcept_encoded,ridge_pair,cell_holdout,0.1,0
Y_RNA_ENSG00000252021,0.2864706516265869,0.36081039905548096,test_data,scconcept_encoded,ridge_pair,cell_holdout,0.1,0
YWHAQP6,0.013989226892590523,0.049216378480196,test_data,scconcept_encoded,ridge_pair,cell_holdout,0.1,0
AC004985.12,0.007481055799871683,0.038130830973386765,test_data,scconcept_encoded,ridge_pair,cell_holdout,0.1,0
MTCO2P34,0.009955030865967274,0.04531549662351608,test_data,scconcept_encoded,ridge_pair,cell_holdout,0.1,0
RP5-1166A24.1,0.08682777732610703,0.16445715725421906,test_data,scconcept_encoded,ridge_pair,cell_holdout,0.1,0
PPIAP62,0.0017246465431526303,0.03278161585330963,test_data,scconcept_encoded,ridge_pair,cell_holdout,0.1,0
PAXBP1P1,0.010184896178543568,0.039022497832775116,test_data,scconcept_encoded,ridge_pair,cell_holdout,0.1,0
RNU2-65P,0.3736076056957245,0.4232845604419708,test_data,scconcept_encoded,ridge_pair,cell_holdout,0.1,0
LRRC37A6P,0.07119663804769516,0.1371934860944748,test_data,scconcept_encoded,ridge_pair,cell_holdout,0.1,0
CTD-3091F23.1,0.0020058664958924055,0.0346890427172184,test_data,scconcept_encoded,ridge_pair,cell_holdout,0.1,0
CTD-3222D19.8,0.013012698851525784,0.04204992949962616,test_data,scconcept_encoded,ridge_pair,cell_holdout,0.1,0
HMGB1P6,0.005363166332244873,0.031682923436164856,test_data,scconcept_encoded,ridge_pair,cell_holdout,0.1,0
AC097467.2,0.04680763930082321,0.10216224193572998,test_data,scconcept_encoded,ridge_pair,cell_holdout,0.1,0
MSMO1,0.21421004831790924,0.3460518717765808,test_data,scconcept_encoded,ridge_pair,cell_holdout,0.1,0
RPS3P2,0.11256379634141922,0.1965993046760559,test_data,scconcept_encoded,ridge_pair,cell_holdout,0.1,0
GPR149,0.041233256459236145,0.09576200693845749,test_data,scconcept_encoded,ridge_pair,cell_holdout,0.1,0
RP1-302D9.1,0.014027919620275497,0.04200991988182068,test_data,scconcept_encoded,ridge_pair,cell_holdout,0.1,0
OR2AG1,0.002323068678379059,0.035369306802749634,test_data,scconcept_encoded,ridge_pair,cell_holdout,0.1,0
ARHGAP26-AS1,0.001871058950200677,0.029929012060165405,test_data,scconcept_encoded,ridge_pair,cell_holdout,0.1,0
RP5-832C2.5,0.003201668616384268,0.03721940889954567,test_data,scconcept_encoded,ridge_pair,cell_holdout,0.1,0
TMEM163,0.0018433924997225404,0.02876443974673748,test_data,scconcept_encoded,ridge_pair,cell_holdout,0.1,0
MIR7515HG,0.05885861814022064,0.09605131298303604,test_data,scconcept_encoded,ridge_pair,cell_holdout,0.1,0
MRGPRX4,0.001241421210579574,0.02773742377758026,test_data,scconcept_encoded,ridge_pair,cell_holdout,0.1,0
PRR12,0.0013992346357554197,0.028744472190737724,test_data,scconcept_encoded,ridge_pair,cell_holdout,0.1,0
RNU6-1316P,0.00931327324360609,0.03935842216014862,test_data,scconcept_encoded,ridge_pair,cell_holdout,0.1,0
AMY1A,0.0023086180444806814,0.029887983575463295,test_data,scconcept_encoded,ridge_pair,cell_holdout,0.1,0
ARIH2OS,0.002746843732893467,0.030150020495057106,test_data,scconcept_encoded,ridge_pair,cell_holdout,0.1,0
RP11-700H6.2,0.0016727892216295004,0.031616222113370895,test_data,scconcept_encoded,ridge_pair,cell_holdout,0.1,0
ABCC1,0.006588994059711695,0.0334688276052475,test_data,scconcept_encoded,ridge_pair,cell_holdout,0.1,0
ADGRG7,0.0032164223957806826,0.038048211485147476,test_data,scconcept_encoded,ridge_pair,cell_holdout,0.1,0
ACSM6,0.005646668374538422,0.03903383016586304,test_data,scconcept_encoded,ridge_pair,cell_holdout,0.1,0
CR1,0.1278485357761383,0.2437184751033783,test_data,scconcept_encoded,ridge_pair,cell_holdout,0.1,0
CRCT1,0.02745916321873665,0.07008679211139679,test_data,scconcept_encoded,ridge_pair,cell_holdout,0.1,0
SMG7,0.0019107996486127377,0.03317040950059891,test_data,scconcept_encoded,ridge_pair,cell_holdout,0.1,0
RP11-16L14.2,0.01876913011074066,0.06274105608463287,test_data,scconcept_encoded,ridge_pair,cell_holdout,0.1,0
CIBAR1P1,0.0022346139885485172,0.03257838636636734,test_data,scconcept_encoded,ridge_pair,cell_holdout,0.1,0
CTD-2619J13.9,0.09553179889917374,0.1168876588344574,test_data,scconcept_encoded,ridge_pair,cell_holdout,0.1,0
RP11-717A5.3,0.0028463557828217745,0.03442704677581787,test_data,scconcept_encoded,ridge_pair,cell_holdout,0.1,0
CTD-2027I19.3,0.0018655755557119846,0.03177652508020401,test_data,scconcept_encoded,ridge_pair,cell_holdout,0.1,0
RP11-42H13.1,0.0017397075425833464,0.03093486838042736,test_data,scconcept_encoded,ridge_pair,cell_holdout,0.1,0
ERICH6,0.0018445486202836037,0.03318862244486809,test_data,scconcept_encoded,ridge_pair,cell_holdout,0.1,0
WASHC4,0.0017475795466452837,0.03179508447647095,test_data,scconcept_encoded,ridge_pair,cell_holdout,0.1,0
RP1-269M15.3,0.0011008747387677431,0.025953548029065132,test_data,scconcept_encoded,ridge_pair,cell_holdout,0.1,0
RNU6-1153P,0.001754016033373773,0.03243870660662651,test_data,scconcept_encoded,ridge_pair,cell_holdout,0.1,0
CWF19L2,0.002103110309690237,0.03478541597723961,test_data,scconcept_encoded,ridge_pair,cell_holdout,0.1,0
RP11-24J19.1,0.0019203099654987454,0.03400055691599846,test_data,scconcept_encoded,ridge_pair,cell_holdout,0.1,0
GAPDHP28,0.001598416012711823,0.03145018592476845,test_data,scconcept_encoded,ridge_pair,cell_holdout,0.1,0
MANSC1,0.0017473951447755098,0.03199341520667076,test_data,scconcept_encoded,ridge_pair,cell_holdout,0.1,0
RP11-369K17.1,0.0018804423743858933,0.03231207653880119,test_data,scconcept_encoded,ridge_pair,cell_holdout,0.1,0
RP11-666A8.9,0.002688707783818245,0.03377017751336098,test_data,scconcept_encoded,ridge_pair,cell_holdout,0.1,0
PANK2,0.0018038279376924038,0.032661497592926025,test_data,scconcept_encoded,ridge_pair,cell_holdout,0.1,0
RP11-95I16.6,0.00188229710329324,0.032273512333631516,test_data,scconcept_encoded,ridge_pair,cell_holdout,0.1,0
ACSM2A,0.0017786779208108783,0.032528046518564224,test_data,scconcept_encoded,ridge_pair,cell_holdout,0.1,0
AP000233.3,0.0017945457948371768,0.03187691420316696,test_data,scconcept_encoded,ridge_pair,cell_holdout,0.1,0
SIGLEC24P,0.0022344004828482866,0.03576374799013138,test_data,scconcept_encoded,ridge_pair,cell_holdout,0.1,0
AC006077.3,0.0015103848418220878,0.02950718253850937,test_data,scconcept_encoded,ridge_pair,cell_holdout,0.1,0
RP11-344P13.4,0.001739170285873115,0.03340568020939827,test_data,scconcept_encoded,ridge_pair,cell_holdout,0.1,0
RP4-612B18.3,0.002066668588668108,0.035065796226263046,test_data,scconcept_encoded,ridge_pair,cell_holdout,0.1,0
RPL24P7,0.0018509302753955126,0.032536353915929794,test_data,scconcept_encoded,ridge_pair,cell_holdout,0.1,0
