dataset,source,network_group,n_genes,n_positive_edges_after_filter,n_tfs_after_filter,n_hvg,negative_protocol,negative_sampling_mode,target_negative_to_positive_ratio,network_path,expression_path,n_edges_raw,n_tfs_raw,n_edges_after_expression_filter,n_tfs_after_expression_filter,n_tfs_in_tf_list_after_expression_filter,n_edges_after_hvg_filter,n_tfs_after_hvg_filter,expression_edge_retention,hvg_edge_retention,hvg_tf_retention,train_n_total,train_n_positive,train_n_negative,train_positive_ratio,train_negative_to_positive_ratio,validation_n_total,validation_n_positive,validation_n_negative,validation_positive_ratio,validation_negative_to_positive_ratio,combined_train_n_total,combined_train_n_positive,combined_train_n_negative,combined_train_positive_ratio,combined_train_negative_to_positive_ratio,test_n_total,test_n_positive,test_n_negative,test_positive_ratio,test_negative_to_positive_ratio,random_auprc_baseline
hESC_Specific_500,BEELINE,Specific,500,712,9,500,tf_stratified_1to10,tf_stratified_fixed_ratio,10.0,/root/autodl-tmp/projects/comparison-SC-embedding/BEELINE/Networks/human/hESC-ChIP-seq-network.csv,/root/autodl-tmp/projects/comparison-SC-embedding/scRNA-Seq/hESC/ExpressionData.csv,436563,130,213597,87,73,712,9,0.4892695899560888,0.003333380150470278,0.10344827586206896,1949,543,1406,0.2786044125192406,2.589318600368324,0,0,0,,,1949,543,1406,0.2786044125192406,2.589318600368324,634,169,465,0.2665615141955836,2.7514792899408285,0.2665615141955836
hESC_Specific_500,BEELINE,Specific,500,712,9,500,full_candidate,full_candidate,,/root/autodl-tmp/projects/comparison-SC-embedding/BEELINE/Networks/human/hESC-ChIP-seq-network.csv,/root/autodl-tmp/projects/comparison-SC-embedding/scRNA-Seq/hESC/ExpressionData.csv,436563,130,213597,87,73,712,9,0.4892695899560888,0.003333380150470278,0.10344827586206896,3453,543,2910,0.157254561251086,5.359116022099448,0,0,0,,,3453,543,2910,0.157254561251086,5.359116022099448,1044,169,875,0.16187739463601533,5.177514792899408,0.16187739463601533
hESC_Specific_1000,BEELINE,Specific,1000,1768,11,1000,tf_stratified_1to10,tf_stratified_fixed_ratio,10.0,/root/autodl-tmp/projects/comparison-SC-embedding/BEELINE/Networks/human/hESC-ChIP-seq-network.csv,/root/autodl-tmp/projects/comparison-SC-embedding/scRNA-Seq/hESC/ExpressionData.csv,436563,130,213597,87,73,1768,11,0.4892695899560888,0.008277269811841927,0.12643678160919541,4662,1356,3306,0.2908622908622909,2.438053097345133,0,0,0,,,4662,1356,3306,0.2908622908622909,2.438053097345133,1438,412,1026,0.2865090403337969,2.4902912621359223,0.2865090403337969
hESC_Specific_1000,BEELINE,Specific,1000,1768,11,1000,full_candidate,full_candidate,,/root/autodl-tmp/projects/comparison-SC-embedding/BEELINE/Networks/human/hESC-ChIP-seq-network.csv,/root/autodl-tmp/projects/comparison-SC-embedding/scRNA-Seq/hESC/ExpressionData.csv,436563,130,213597,87,73,1768,11,0.4892695899560888,0.008277269811841927,0.12643678160919541,8456,1356,7100,0.16035950804162724,5.23598820058997,0,0,0,,,8456,1356,7100,0.16035950804162724,5.23598820058997,2540,412,2128,0.16220472440944883,5.165048543689321,0.16220472440944883
hESC_Non-Specific_500,BEELINE,Non-Specific,500,151,16,500,tf_stratified_1to10,tf_stratified_fixed_ratio,10.0,/root/autodl-tmp/projects/comparison-SC-embedding/BEELINE/Networks/human/Non-specific-ChIP-seq-network.csv,/root/autodl-tmp/projects/comparison-SC-embedding/scRNA-Seq/hESC/ExpressionData.csv,386293,2165,81353,997,997,151,16,0.210599208372919,0.0018561085639128244,0.0160481444332999,932,109,823,0.11695278969957082,7.5504587155963305,0,0,0,,,932,109,823,0.11695278969957082,7.5504587155963305,376,42,334,0.11170212765957446,7.9523809523809526,0.11170212765957446
hESC_Non-Specific_500,BEELINE,Non-Specific,500,151,16,500,full_candidate,full_candidate,,/root/autodl-tmp/projects/comparison-SC-embedding/BEELINE/Networks/human/Non-specific-ChIP-seq-network.csv,/root/autodl-tmp/projects/comparison-SC-embedding/scRNA-Seq/hESC/ExpressionData.csv,386293,2165,81353,997,997,151,16,0.210599208372919,0.0018561085639128244,0.0160481444332999,6139,109,6030,0.017755334745072487,55.321100917431195,0,0,0,,,6139,109,6030,0.017755334745072487,55.321100917431195,1852,42,1810,0.02267818574514039,43.095238095238095,0.02267818574514039
hESC_Non-Specific_1000,BEELINE,Non-Specific,1000,625,42,1000,tf_stratified_1to10,tf_stratified_fixed_ratio,10.0,/root/autodl-tmp/projects/comparison-SC-embedding/BEELINE/Networks/human/Non-specific-ChIP-seq-network.csv,/root/autodl-tmp/projects/comparison-SC-embedding/scRNA-Seq/hESC/ExpressionData.csv,386293,2165,81353,997,997,625,42,0.210599208372919,0.007682568559241823,0.04212637913741224,3853,464,3389,0.12042564235660524,7.303879310344827,0,0,0,,,3853,464,3389,0.12042564235660524,7.303879310344827,1391,161,1230,0.11574406901509705,7.6397515527950315,0.11574406901509705
hESC_Non-Specific_1000,BEELINE,Non-Specific,1000,625,42,1000,full_candidate,full_candidate,,/root/autodl-tmp/projects/comparison-SC-embedding/BEELINE/Networks/human/Non-specific-ChIP-seq-network.csv,/root/autodl-tmp/projects/comparison-SC-embedding/scRNA-Seq/hESC/ExpressionData.csv,386293,2165,81353,997,997,625,42,0.210599208372919,0.007682568559241823,0.04212637913741224,32285,464,31821,0.014371999380517269,68.57974137931035,0,0,0,,,32285,464,31821,0.014371999380517269,68.57974137931035,9690,161,9529,0.016615067079463364,59.18633540372671,0.016615067079463364
hESC_STRING_500,BEELINE,STRING,500,95,24,500,tf_stratified_1to10,tf_stratified_fixed_ratio,10.0,/root/autodl-tmp/projects/comparison-SC-embedding/BEELINE/Networks/human/STRING-network.csv,/root/autodl-tmp/projects/comparison-SC-embedding/scRNA-Seq/hESC/ExpressionData.csv,198285,1489,113697,1017,1017,190,24,0.5734019214766624,0.0016711082966129273,0.02359882005899705,693,63,630,0.09090909090909091,10.0,0,0,0,,,693,63,630,0.09090909090909091,10.0,352,32,320,0.09090909090909091,10.0,0.09090909090909091
hESC_STRING_500,BEELINE,STRING,500,95,24,500,full_candidate,full_candidate,,/root/autodl-tmp/projects/comparison-SC-embedding/BEELINE/Networks/human/STRING-network.csv,/root/autodl-tmp/projects/comparison-SC-embedding/scRNA-Seq/hESC/ExpressionData.csv,198285,1489,113697,1017,1017,190,24,0.5734019214766624,0.0016711082966129273,0.02359882005899705,9199,63,9136,0.00684857049679313,145.015873015873,0,0,0,,,9199,63,9136,0.00684857049679313,145.015873015873,2777,32,2745,0.011523226503420959,85.78125,0.011523226503420959
hESC_STRING_1000,BEELINE,STRING,1000,411,54,1000,tf_stratified_1to10,tf_stratified_fixed_ratio,10.0,/root/autodl-tmp/projects/comparison-SC-embedding/BEELINE/Networks/human/STRING-network.csv,/root/autodl-tmp/projects/comparison-SC-embedding/scRNA-Seq/hESC/ExpressionData.csv,198285,1489,113697,1017,1017,822,54,0.5734019214766624,0.00722974220955698,0.05309734513274336,3212,292,2920,0.09090909090909091,10.0,0,0,0,,,3212,292,2920,0.09090909090909091,10.0,1309,119,1190,0.09090909090909091,10.0,0.09090909090909091
hESC_STRING_1000,BEELINE,STRING,1000,411,54,1000,full_candidate,full_candidate,,/root/autodl-tmp/projects/comparison-SC-embedding/BEELINE/Networks/human/STRING-network.csv,/root/autodl-tmp/projects/comparison-SC-embedding/scRNA-Seq/hESC/ExpressionData.csv,198285,1489,113697,1017,1017,822,54,0.5734019214766624,0.00722974220955698,0.05309734513274336,41483,292,41191,0.0070390280355808405,141.06506849315068,0,0,0,,,41483,292,41191,0.0070390280355808405,141.06506849315068,12463,119,12344,0.009548262858059858,103.73109243697479,0.009548262858059858
hHep_Specific_1000,BEELINE,Specific,1000,1145,5,1000,tf_stratified_1to10,tf_stratified_fixed_ratio,10.0,/root/autodl-tmp/projects/comparison-SC-embedding/BEELINE/Networks/human/HepG2-ChIP-seq-network.csv,/root/autodl-tmp/projects/comparison-SC-embedding/scRNA-Seq/hHep/ExpressionData.csv,342862,84,252595,79,70,1145,5,0.7367249797294538,0.004532947999762465,0.06329113924050633,2754,879,1875,0.31917211328976036,2.1331058020477816,0,0,0,,,2754,879,1875,0.31917211328976036,2.1331058020477816,849,266,583,0.3133097762073027,2.191729323308271,0.3133097762073027
hHep_Specific_1000,BEELINE,Specific,1000,1145,5,1000,full_candidate,full_candidate,,/root/autodl-tmp/projects/comparison-SC-embedding/BEELINE/Networks/human/HepG2-ChIP-seq-network.csv,/root/autodl-tmp/projects/comparison-SC-embedding/scRNA-Seq/hHep/ExpressionData.csv,342862,84,252595,79,70,1145,5,0.7367249797294538,0.004532947999762465,0.06329113924050633,3842,879,2963,0.22878709005726183,3.3708759954493743,0,0,0,,,3842,879,2963,0.22878709005726183,3.3708759954493743,1154,266,888,0.23050259965337955,3.338345864661654,0.23050259965337955
hHep_Non-Specific_500,BEELINE,Non-Specific,500,92,15,500,tf_stratified_1to10,tf_stratified_fixed_ratio,10.0,/root/autodl-tmp/projects/comparison-SC-embedding/BEELINE/Networks/human/Non-specific-ChIP-seq-network.csv,/root/autodl-tmp/projects/comparison-SC-embedding/scRNA-Seq/hHep/ExpressionData.csv,386293,2165,78471,1026,1026,92,15,0.2031385502714261,0.001172407641039365,0.014619883040935672,693,63,630,0.09090909090909091,10.0,0,0,0,,,693,63,630,0.09090909090909091,10.0,319,29,290,0.09090909090909091,10.0,0.09090909090909091
hHep_Non-Specific_500,BEELINE,Non-Specific,500,92,15,500,full_candidate,full_candidate,,/root/autodl-tmp/projects/comparison-SC-embedding/BEELINE/Networks/human/Non-specific-ChIP-seq-network.csv,/root/autodl-tmp/projects/comparison-SC-embedding/scRNA-Seq/hHep/ExpressionData.csv,386293,2165,78471,1026,1026,92,15,0.2031385502714261,0.001172407641039365,0.014619883040935672,5753,63,5690,0.01095080827394403,90.31746031746032,0,0,0,,,5753,63,5690,0.01095080827394403,90.31746031746032,1739,29,1710,0.01667625071880391,58.96551724137931,0.01667625071880391
hHep_Non-Specific_1000,BEELINE,Non-Specific,1000,348,38,1000,tf_stratified_1to10,tf_stratified_fixed_ratio,10.0,/root/autodl-tmp/projects/comparison-SC-embedding/BEELINE/Networks/human/Non-specific-ChIP-seq-network.csv,/root/autodl-tmp/projects/comparison-SC-embedding/scRNA-Seq/hHep/ExpressionData.csv,386293,2165,78471,1026,1026,348,38,0.2031385502714261,0.004434759337844554,0.037037037037037035,2761,251,2510,0.09090909090909091,10.0,0,0,0,,,2761,251,2510,0.09090909090909091,10.0,1067,97,970,0.09090909090909091,10.0,0.09090909090909091
hHep_Non-Specific_1000,BEELINE,Non-Specific,1000,348,38,1000,full_candidate,full_candidate,,/root/autodl-tmp/projects/comparison-SC-embedding/BEELINE/Networks/human/Non-specific-ChIP-seq-network.csv,/root/autodl-tmp/projects/comparison-SC-embedding/scRNA-Seq/hHep/ExpressionData.csv,386293,2165,78471,1026,1026,348,38,0.2031385502714261,0.004434759337844554,0.037037037037037035,29210,251,28959,0.00859294762067785,115.37450199203187,0,0,0,,,29210,251,28959,0.00859294762067785,115.37450199203187,8769,97,8672,0.011061694605998403,89.4020618556701,0.011061694605998403
hHep_STRING_500,BEELINE,STRING,500,256,21,500,tf_stratified_1to10,tf_stratified_fixed_ratio,10.0,/root/autodl-tmp/projects/comparison-SC-embedding/BEELINE/Networks/human/STRING-network.csv,/root/autodl-tmp/projects/comparison-SC-embedding/scRNA-Seq/hHep/ExpressionData.csv,198285,1489,141539,1074,1074,512,21,0.7138159719595532,0.003617377542585436,0.019553072625698324,2065,189,1876,0.09152542372881356,9.925925925925926,0,0,0,,,2065,189,1876,0.09152542372881356,9.925925925925926,733,67,666,0.09140518417462483,9.940298507462687,0.09140518417462483
hHep_STRING_500,BEELINE,STRING,500,256,21,500,full_candidate,full_candidate,,/root/autodl-tmp/projects/comparison-SC-embedding/BEELINE/Networks/human/STRING-network.csv,/root/autodl-tmp/projects/comparison-SC-embedding/scRNA-Seq/hHep/ExpressionData.csv,198285,1489,141539,1074,1074,512,21,0.7138159719595532,0.003617377542585436,0.019553072625698324,8050,189,7861,0.023478260869565216,41.592592592592595,0,0,0,,,8050,189,7861,0.023478260869565216,41.592592592592595,2429,67,2362,0.027583367641004528,35.25373134328358,0.027583367641004528
hHep_STRING_1000,BEELINE,STRING,1000,824,53,1000,tf_stratified_1to10,tf_stratified_fixed_ratio,10.0,/root/autodl-tmp/projects/comparison-SC-embedding/BEELINE/Networks/human/STRING-network.csv,/root/autodl-tmp/projects/comparison-SC-embedding/scRNA-Seq/hHep/ExpressionData.csv,198285,1489,141539,1074,1074,1648,53,0.7138159719595532,0.011643433965196872,0.049348230912476726,6699,609,6090,0.09090909090909091,10.0,0,0,0,,,6699,609,6090,0.09090909090909091,10.0,2365,215,2150,0.09090909090909091,10.0,0.09090909090909091
hHep_STRING_1000,BEELINE,STRING,1000,824,53,1000,full_candidate,full_candidate,,/root/autodl-tmp/projects/comparison-SC-embedding/BEELINE/Networks/human/STRING-network.csv,/root/autodl-tmp/projects/comparison-SC-embedding/scRNA-Seq/hHep/ExpressionData.csv,198285,1489,141539,1074,1074,1648,53,0.7138159719595532,0.011643433965196872,0.049348230912476726,40714,609,40105,0.014957999705261089,65.85385878489326,0,0,0,,,40714,609,40105,0.014957999705261089,65.85385878489326,12233,215,12018,0.017575410774135537,55.89767441860465,0.017575410774135537
mDC_Specific_500,BEELINE,Specific,500,33,2,500,tf_stratified_1to10,tf_stratified_fixed_ratio,10.0,/root/autodl-tmp/projects/comparison-SC-embedding/BEELINE/Networks/mouse/mDC-ChIP-seq-network.csv,/root/autodl-tmp/projects/comparison-SC-embedding/scRNA-Seq/mDC/ExpressionData.csv,30658,36,12182,32,30,33,2,0.39735142540283125,0.0027089147923165325,0.0625,275,25,250,0.09090909090909091,10.0,0,0,0,,,275,25,250,0.09090909090909091,10.0,88,8,80,0.09090909090909091,10.0,0.09090909090909091
mDC_Specific_500,BEELINE,Specific,500,33,2,500,full_candidate,full_candidate,,/root/autodl-tmp/projects/comparison-SC-embedding/BEELINE/Networks/mouse/mDC-ChIP-seq-network.csv,/root/autodl-tmp/projects/comparison-SC-embedding/scRNA-Seq/mDC/ExpressionData.csv,30658,36,12182,32,30,33,2,0.39735142540283125,0.0027089147923165325,0.0625,768,25,743,0.032552083333333336,29.72,0,0,0,,,768,25,743,0.032552083333333336,29.72,231,8,223,0.03463203463203463,27.875,0.03463203463203463
mDC_Specific_1000,BEELINE,Specific,1000,596,8,1000,tf_stratified_1to10,tf_stratified_fixed_ratio,10.0,/root/autodl-tmp/projects/comparison-SC-embedding/BEELINE/Networks/mouse/mDC-ChIP-seq-network.csv,/root/autodl-tmp/projects/comparison-SC-embedding/scRNA-Seq/mDC/ExpressionData.csv,30658,36,12182,32,30,596,8,0.39735142540283125,0.048924642915777375,0.25,2658,456,2202,0.17155756207674944,4.828947368421052,0,0,0,,,2658,456,2202,0.17155756207674944,4.828947368421052,836,140,696,0.1674641148325359,4.9714285714285715,0.1674641148325359
mDC_Specific_1000,BEELINE,Specific,1000,596,8,1000,full_candidate,full_candidate,,/root/autodl-tmp/projects/comparison-SC-embedding/BEELINE/Networks/mouse/mDC-ChIP-seq-network.csv,/root/autodl-tmp/projects/comparison-SC-embedding/scRNA-Seq/mDC/ExpressionData.csv,30658,36,12182,32,30,596,8,0.39735142540283125,0.048924642915777375,0.25,6148,456,5692,0.0741704619388419,12.482456140350877,0,0,0,,,6148,456,5692,0.0741704619388419,12.482456140350877,1845,140,1705,0.07588075880758807,12.178571428571429,0.07588075880758807
mDC_Non-Specific_500,BEELINE,Non-Specific,500,33,7,500,tf_stratified_1to10,tf_stratified_fixed_ratio,10.0,/root/autodl-tmp/projects/comparison-SC-embedding/BEELINE/Networks/mouse/Non-Specific-ChIP-seq-network.csv,/root/autodl-tmp/projects/comparison-SC-embedding/scRNA-Seq/mDC/ExpressionData.csv,100139,1455,24546,587,587,33,7,0.245119284194969,0.001344414568565143,0.01192504258943782,242,22,220,0.09090909090909091,10.0,0,0,0,,,242,22,220,0.09090909090909091,10.0,121,11,110,0.09090909090909091,10.0,0.09090909090909091
mDC_Non-Specific_500,BEELINE,Non-Specific,500,33,7,500,full_candidate,full_candidate,,/root/autodl-tmp/projects/comparison-SC-embedding/BEELINE/Networks/mouse/Non-Specific-ChIP-seq-network.csv,/root/autodl-tmp/projects/comparison-SC-embedding/scRNA-Seq/mDC/ExpressionData.csv,100139,1455,24546,587,587,33,7,0.245119284194969,0.001344414568565143,0.01192504258943782,2684,22,2662,0.00819672131147541,121.0,0,0,0,,,2684,22,2662,0.00819672131147541,121.0,811,11,800,0.013563501849568433,72.72727272727273,0.013563501849568433
mDC_Non-Specific_1000,BEELINE,Non-Specific,1000,492,39,1000,tf_stratified_1to10,tf_stratified_fixed_ratio,10.0,/root/autodl-tmp/projects/comparison-SC-embedding/BEELINE/Networks/mouse/Non-Specific-ChIP-seq-network.csv,/root/autodl-tmp/projects/comparison-SC-embedding/scRNA-Seq/mDC/ExpressionData.csv,100139,1455,24546,587,587,492,39,0.245119284194969,0.02004399902224395,0.06643952299829642,3993,363,3630,0.09090909090909091,10.0,0,0,0,,,3993,363,3630,0.09090909090909091,10.0,1419,129,1290,0.09090909090909091,10.0,0.09090909090909091
mDC_Non-Specific_1000,BEELINE,Non-Specific,1000,492,39,1000,full_candidate,full_candidate,,/root/autodl-tmp/projects/comparison-SC-embedding/BEELINE/Networks/mouse/Non-Specific-ChIP-seq-network.csv,/root/autodl-tmp/projects/comparison-SC-embedding/scRNA-Seq/mDC/ExpressionData.csv,100139,1455,24546,587,587,492,39,0.245119284194969,0.02004399902224395,0.06643952299829642,29973,363,29610,0.012110899809828846,81.5702479338843,0,0,0,,,29973,363,29610,0.012110899809828846,81.5702479338843,8999,129,8870,0.014334926102900322,68.75968992248062,0.014334926102900322
mDC_STRING_500,BEELINE,STRING,500,125,11,500,tf_stratified_1to10,tf_stratified_fixed_ratio,10.0,/root/autodl-tmp/projects/comparison-SC-embedding/BEELINE/Networks/mouse/STRING-network.csv,/root/autodl-tmp/projects/comparison-SC-embedding/scRNA-Seq/mDC/ExpressionData.csv,157134,1350,60928,595,595,250,11,0.3877454911094989,0.004103203781512605,0.018487394957983194,973,92,881,0.09455292908530319,9.576086956521738,0,0,0,,,973,92,881,0.09455292908530319,9.576086956521738,351,33,318,0.09401709401709402,9.636363636363637,0.09401709401709402
mDC_STRING_500,BEELINE,STRING,500,125,11,500,full_candidate,full_candidate,,/root/autodl-tmp/projects/comparison-SC-embedding/BEELINE/Networks/mouse/STRING-network.csv,/root/autodl-tmp/projects/comparison-SC-embedding/scRNA-Seq/mDC/ExpressionData.csv,157134,1350,60928,595,595,250,11,0.3877454911094989,0.004103203781512605,0.018487394957983194,4216,92,4124,0.021821631878557873,44.82608695652174,0,0,0,,,4216,92,4124,0.021821631878557873,44.82608695652174,1273,33,1240,0.025923016496465043,37.57575757575758,0.025923016496465043
mDC_STRING_1000,BEELINE,STRING,1000,817,40,1000,tf_stratified_1to10,tf_stratified_fixed_ratio,10.0,/root/autodl-tmp/projects/comparison-SC-embedding/BEELINE/Networks/mouse/STRING-network.csv,/root/autodl-tmp/projects/comparison-SC-embedding/scRNA-Seq/mDC/ExpressionData.csv,157134,1350,60928,595,595,1634,40,0.3877454911094989,0.026818539915966385,0.06722689075630252,6688,608,6080,0.09090909090909091,10.0,0,0,0,,,6688,608,6080,0.09090909090909091,10.0,2299,209,2090,0.09090909090909091,10.0,0.09090909090909091
mDC_STRING_1000,BEELINE,STRING,1000,817,40,1000,full_candidate,full_candidate,,/root/autodl-tmp/projects/comparison-SC-embedding/BEELINE/Networks/mouse/STRING-network.csv,/root/autodl-tmp/projects/comparison-SC-embedding/scRNA-Seq/mDC/ExpressionData.csv,157134,1350,60928,595,595,1634,40,0.3877454911094989,0.026818539915966385,0.06722689075630252,30728,608,30120,0.01978651392866441,49.53947368421053,0,0,0,,,30728,608,30120,0.01978651392866441,49.53947368421053,9232,209,9023,0.022638648180242634,43.17224880382775,0.022638648180242634
mHSC-E_Specific_500,BEELINE,Specific,500,1008,5,500,tf_stratified_1to10,tf_stratified_fixed_ratio,10.0,/root/autodl-tmp/projects/comparison-SC-embedding/BEELINE/Networks/mouse/mHSC-ChIP-seq-network.csv,/root/autodl-tmp/projects/comparison-SC-embedding/scRNA-Seq/mHSC-E/ExpressionData.csv,1078888,137,108816,49,41,1008,5,0.10085940338570824,0.009263343625937363,0.10204081632653061,1574,773,801,0.49110546378653114,1.036222509702458,0,0,0,,,1574,773,801,0.49110546378653114,1.036222509702458,491,235,256,0.4786150712830957,1.0893617021276596,0.4786150712830957
mHSC-E_Specific_500,BEELINE,Specific,500,1008,5,500,full_candidate,full_candidate,,/root/autodl-tmp/projects/comparison-SC-embedding/BEELINE/Networks/mouse/mHSC-ChIP-seq-network.csv,/root/autodl-tmp/projects/comparison-SC-embedding/scRNA-Seq/mHSC-E/ExpressionData.csv,1078888,137,108816,49,41,1008,5,0.10085940338570824,0.009263343625937363,0.10204081632653061,1918,773,1145,0.4030239833159541,1.48124191461837,0,0,0,,,1918,773,1145,0.4030239833159541,1.48124191461837,580,235,345,0.4051724137931034,1.4680851063829787,0.4051724137931034
mHSC-E_Specific_1000,BEELINE,Specific,1000,6427,13,1000,tf_stratified_1to10,tf_stratified_fixed_ratio,10.0,/root/autodl-tmp/projects/comparison-SC-embedding/BEELINE/Networks/mouse/mHSC-ChIP-seq-network.csv,/root/autodl-tmp/projects/comparison-SC-embedding/scRNA-Seq/mHSC-E/ExpressionData.csv,1078888,137,108816,49,41,6427,13,0.10085940338570824,0.05906300544037642,0.2653061224489796,7984,4945,3039,0.6193637274549099,0.6145601617795753,0,0,0,,,7984,4945,3039,0.6193637274549099,0.6145601617795753,2411,1482,929,0.6146827042720863,0.626855600539811,0.6146827042720863
mHSC-E_Specific_1000,BEELINE,Specific,1000,6427,13,1000,full_candidate,full_candidate,,/root/autodl-tmp/projects/comparison-SC-embedding/BEELINE/Networks/mouse/mHSC-ChIP-seq-network.csv,/root/autodl-tmp/projects/comparison-SC-embedding/scRNA-Seq/mHSC-E/ExpressionData.csv,1078888,137,108816,49,41,6427,13,0.10085940338570824,0.05906300544037642,0.2653061224489796,9996,4945,5051,0.4946978791516607,1.0214357937310414,0,0,0,,,9996,4945,5051,0.4946978791516607,1.0214357937310414,3000,1482,1518,0.494,1.0242914979757085,0.494
mHSC-E_Non-Specific_500,BEELINE,Non-Specific,500,248,21,500,tf_stratified_1to10,tf_stratified_fixed_ratio,10.0,/root/autodl-tmp/projects/comparison-SC-embedding/BEELINE/Networks/mouse/Non-Specific-ChIP-seq-network.csv,/root/autodl-tmp/projects/comparison-SC-embedding/scRNA-Seq/mHSC-E/ExpressionData.csv,100139,1455,6876,282,282,248,21,0.06866455626678916,0.03606748109365911,0.07446808510638298,1821,182,1639,0.09994508511806699,9.005494505494505,0,0,0,,,1821,182,1639,0.09994508511806699,9.005494505494505,669,66,603,0.09865470852017937,9.136363636363637,0.09865470852017937
mHSC-E_Non-Specific_500,BEELINE,Non-Specific,500,248,21,500,full_candidate,full_candidate,,/root/autodl-tmp/projects/comparison-SC-embedding/BEELINE/Networks/mouse/Non-Specific-ChIP-seq-network.csv,/root/autodl-tmp/projects/comparison-SC-embedding/scRNA-Seq/mHSC-E/ExpressionData.csv,100139,1455,6876,282,282,248,21,0.06866455626678916,0.03606748109365911,0.07446808510638298,8054,182,7872,0.02259746709709461,43.252747252747255,0,0,0,,,8054,182,7872,0.02259746709709461,43.252747252747255,2430,66,2364,0.027160493827160494,35.81818181818182,0.027160493827160494
mHSC-E_Non-Specific_1000,BEELINE,Non-Specific,1000,691,48,1000,tf_stratified_1to10,tf_stratified_fixed_ratio,10.0,/root/autodl-tmp/projects/comparison-SC-embedding/BEELINE/Networks/mouse/Non-Specific-ChIP-seq-network.csv,/root/autodl-tmp/projects/comparison-SC-embedding/scRNA-Seq/mHSC-E/ExpressionData.csv,100139,1455,6876,282,282,691,48,0.06866455626678916,0.10049447353112274,0.1702127659574468,5235,513,4722,0.09799426934097422,9.2046783625731,0,0,0,,,5235,513,4722,0.09799426934097422,9.2046783625731,1836,178,1658,0.09694989106753812,9.314606741573034,0.09694989106753812
mHSC-E_Non-Specific_1000,BEELINE,Non-Specific,1000,691,48,1000,full_candidate,full_candidate,,/root/autodl-tmp/projects/comparison-SC-embedding/BEELINE/Networks/mouse/Non-Specific-ChIP-seq-network.csv,/root/autodl-tmp/projects/comparison-SC-embedding/scRNA-Seq/mHSC-E/ExpressionData.csv,100139,1455,6876,282,282,691,48,0.06866455626678916,0.10049447353112274,0.1702127659574468,36887,513,36374,0.01390733862878521,70.90448343079922,0,0,0,,,36887,513,36374,0.01390733862878521,70.90448343079922,11076,178,10898,0.01607078367641748,61.2247191011236,0.01607078367641748
mHSC-E_STRING_500,BEELINE,STRING,500,228,25,500,tf_stratified_1to10,tf_stratified_fixed_ratio,10.0,/root/autodl-tmp/projects/comparison-SC-embedding/BEELINE/Networks/mouse/STRING-network.csv,/root/autodl-tmp/projects/comparison-SC-embedding/scRNA-Seq/mHSC-E/ExpressionData.csv,157134,1350,10832,276,276,456,25,0.06893479450659946,0.042097488921713444,0.09057971014492754,1796,166,1630,0.09242761692650334,9.819277108433734,0,0,0,,,1796,166,1630,0.09242761692650334,9.819277108433734,672,62,610,0.09226190476190477,9.838709677419354,0.09226190476190477
mHSC-E_STRING_500,BEELINE,STRING,500,228,25,500,full_candidate,full_candidate,,/root/autodl-tmp/projects/comparison-SC-embedding/BEELINE/Networks/mouse/STRING-network.csv,/root/autodl-tmp/projects/comparison-SC-embedding/scRNA-Seq/mHSC-E/ExpressionData.csv,157134,1350,10832,276,276,456,25,0.06893479450659946,0.042097488921713444,0.09057971014492754,9583,166,9417,0.017322341646665972,56.7289156626506,0,0,0,,,9583,166,9417,0.017322341646665972,56.7289156626506,2892,62,2830,0.021438450899031812,45.645161290322584,0.021438450899031812
mHSC-E_STRING_1000,BEELINE,STRING,1000,702,53,1000,tf_stratified_1to10,tf_stratified_fixed_ratio,10.0,/root/autodl-tmp/projects/comparison-SC-embedding/BEELINE/Networks/mouse/STRING-network.csv,/root/autodl-tmp/projects/comparison-SC-embedding/scRNA-Seq/mHSC-E/ExpressionData.csv,157134,1350,10832,276,276,1404,53,0.06893479450659946,0.129615952732644,0.19202898550724637,5676,516,5160,0.09090909090909091,10.0,0,0,0,,,5676,516,5160,0.09090909090909091,10.0,2046,186,1860,0.09090909090909091,10.0,0.09090909090909091
mHSC-E_STRING_1000,BEELINE,STRING,1000,702,53,1000,full_candidate,full_candidate,,/root/autodl-tmp/projects/comparison-SC-embedding/BEELINE/Networks/mouse/STRING-network.csv,/root/autodl-tmp/projects/comparison-SC-embedding/scRNA-Seq/mHSC-E/ExpressionData.csv,157134,1350,10832,276,276,1404,53,0.06893479450659946,0.129615952732644,0.19202898550724637,40716,516,40200,0.012673150604185087,77.90697674418605,0,0,0,,,40716,516,40200,0.012673150604185087,77.90697674418605,12231,186,12045,0.015207260240372823,64.75806451612904,0.015207260240372823
mHSC-GM_Specific_500,BEELINE,Specific,500,1941,7,500,tf_stratified_1to10,tf_stratified_fixed_ratio,10.0,/root/autodl-tmp/projects/comparison-SC-embedding/BEELINE/Networks/mouse/mHSC-ChIP-seq-network.csv,/root/autodl-tmp/projects/comparison-SC-embedding/scRNA-Seq/mHSC-GM/ExpressionData.csv,1078888,137,108816,49,41,1941,7,0.10085940338570824,0.01783745037494486,0.14285714285714285,2688,1493,1195,0.5554315476190477,0.8004018754186202,0,0,0,,,2688,1493,1195,0.5554315476190477,0.8004018754186202,810,448,362,0.5530864197530864,0.8080357142857143,0.5530864197530864
mHSC-GM_Specific_500,BEELINE,Specific,500,1941,7,500,full_candidate,full_candidate,,/root/autodl-tmp/projects/comparison-SC-embedding/BEELINE/Networks/mouse/mHSC-ChIP-seq-network.csv,/root/autodl-tmp/projects/comparison-SC-embedding/scRNA-Seq/mHSC-GM/ExpressionData.csv,1078888,137,108816,49,41,1941,7,0.10085940338570824,0.01783745037494486,0.14285714285714285,2688,1493,1195,0.5554315476190477,0.8004018754186202,0,0,0,,,2688,1493,1195,0.5554315476190477,0.8004018754186202,810,448,362,0.5530864197530864,0.8080357142857143,0.5530864197530864
mHSC-GM_Specific_1000,BEELINE,Specific,1000,7310,15,1000,tf_stratified_1to10,tf_stratified_fixed_ratio,10.0,/root/autodl-tmp/projects/comparison-SC-embedding/BEELINE/Networks/mouse/mHSC-ChIP-seq-network.csv,/root/autodl-tmp/projects/comparison-SC-embedding/scRNA-Seq/mHSC-GM/ExpressionData.csv,1078888,137,108816,49,41,7310,15,0.10085940338570824,0.06717762093809734,0.30612244897959184,9646,5621,4025,0.5827285921625545,0.7160647571606475,0,0,0,,,9646,5621,4025,0.5827285921625545,0.7160647571606475,2922,1689,1233,0.5780287474332649,0.7300177619893428,0.5780287474332649
mHSC-GM_Specific_1000,BEELINE,Specific,1000,7310,15,1000,full_candidate,full_candidate,,/root/autodl-tmp/projects/comparison-SC-embedding/BEELINE/Networks/mouse/mHSC-ChIP-seq-network.csv,/root/autodl-tmp/projects/comparison-SC-embedding/scRNA-Seq/mHSC-GM/ExpressionData.csv,1078888,137,108816,49,41,7310,15,0.10085940338570824,0.06717762093809734,0.30612244897959184,11530,5621,5909,0.487510841283608,1.0512364347980787,0,0,0,,,11530,5621,5909,0.487510841283608,1.0512364347980787,3464,1689,1775,0.4875866050808314,1.0509177027827117,0.4875866050808314
mHSC-GM_Non-Specific_500,BEELINE,Non-Specific,500,143,15,500,tf_stratified_1to10,tf_stratified_fixed_ratio,10.0,/root/autodl-tmp/projects/comparison-SC-embedding/BEELINE/Networks/mouse/Non-Specific-ChIP-seq-network.csv,/root/autodl-tmp/projects/comparison-SC-embedding/scRNA-Seq/mHSC-GM/ExpressionData.csv,100139,1455,6876,282,282,143,15,0.06866455626678916,0.02079697498545666,0.05319148936170213,1144,104,1040,0.09090909090909091,10.0,0,0,0,,,1144,104,1040,0.09090909090909091,10.0,429,39,390,0.09090909090909091,10.0,0.09090909090909091
mHSC-GM_Non-Specific_500,BEELINE,Non-Specific,500,143,15,500,full_candidate,full_candidate,,/root/autodl-tmp/projects/comparison-SC-embedding/BEELINE/Networks/mouse/Non-Specific-ChIP-seq-network.csv,/root/autodl-tmp/projects/comparison-SC-embedding/scRNA-Seq/mHSC-GM/ExpressionData.csv,100139,1455,6876,282,282,143,15,0.06866455626678916,0.02079697498545666,0.05319148936170213,5753,104,5649,0.018077524769685382,54.31730769230769,0,0,0,,,5753,104,5649,0.018077524769685382,54.31730769230769,1738,39,1699,0.02243958573072497,43.56410256410256,0.02243958573072497
mHSC-GM_Non-Specific_1000,BEELINE,Non-Specific,1000,493,48,1000,tf_stratified_1to10,tf_stratified_fixed_ratio,10.0,/root/autodl-tmp/projects/comparison-SC-embedding/BEELINE/Networks/mouse/Non-Specific-ChIP-seq-network.csv,/root/autodl-tmp/projects/comparison-SC-embedding/scRNA-Seq/mHSC-GM/ExpressionData.csv,100139,1455,6876,282,282,493,48,0.06866455626678916,0.07169866201279813,0.1702127659574468,3771,356,3415,0.09440466719702996,9.592696629213483,0,0,0,,,3771,356,3415,0.09440466719702996,9.592696629213483,1463,137,1326,0.0936431989063568,9.678832116788321,0.0936431989063568
mHSC-GM_Non-Specific_1000,BEELINE,Non-Specific,1000,493,48,1000,full_candidate,full_candidate,,/root/autodl-tmp/projects/comparison-SC-embedding/BEELINE/Networks/mouse/Non-Specific-ChIP-seq-network.csv,/root/autodl-tmp/projects/comparison-SC-embedding/scRNA-Seq/mHSC-GM/ExpressionData.csv,100139,1455,6876,282,282,493,48,0.06866455626678916,0.07169866201279813,0.1702127659574468,36882,356,36526,0.009652404967192668,102.60112359550561,0,0,0,,,36882,356,36526,0.009652404967192668,102.60112359550561,11081,137,10944,0.012363505098817796,79.88321167883211,0.012363505098817796
mHSC-GM_STRING_500,BEELINE,STRING,500,101,22,500,tf_stratified_1to10,tf_stratified_fixed_ratio,10.0,/root/autodl-tmp/projects/comparison-SC-embedding/BEELINE/Networks/mouse/STRING-network.csv,/root/autodl-tmp/projects/comparison-SC-embedding/scRNA-Seq/mHSC-GM/ExpressionData.csv,157134,1350,10832,276,276,202,22,0.06893479450659946,0.01864844903988183,0.07971014492753623,770,70,700,0.09090909090909091,10.0,0,0,0,,,770,70,700,0.09090909090909091,10.0,341,31,310,0.09090909090909091,10.0,0.09090909090909091
mHSC-GM_STRING_500,BEELINE,STRING,500,101,22,500,full_candidate,full_candidate,,/root/autodl-tmp/projects/comparison-SC-embedding/BEELINE/Networks/mouse/STRING-network.csv,/root/autodl-tmp/projects/comparison-SC-embedding/scRNA-Seq/mHSC-GM/ExpressionData.csv,157134,1350,10832,276,276,202,22,0.06893479450659946,0.01864844903988183,0.07971014492753623,8435,70,8365,0.008298755186721992,119.5,0,0,0,,,8435,70,8365,0.008298755186721992,119.5,2543,31,2512,0.01219032638615808,81.03225806451613,0.01219032638615808
mHSC-GM_STRING_1000,BEELINE,STRING,1000,455,57,1000,tf_stratified_1to10,tf_stratified_fixed_ratio,10.0,/root/autodl-tmp/projects/comparison-SC-embedding/BEELINE/Networks/mouse/STRING-network.csv,/root/autodl-tmp/projects/comparison-SC-embedding/scRNA-Seq/mHSC-GM/ExpressionData.csv,157134,1350,10832,276,276,910,57,0.06893479450659946,0.08401033973412113,0.20652173913043478,3586,326,3260,0.09090909090909091,10.0,0,0,0,,,3586,326,3260,0.09090909090909091,10.0,1419,129,1290,0.09090909090909091,10.0,0.09090909090909091
mHSC-GM_STRING_1000,BEELINE,STRING,1000,455,57,1000,full_candidate,full_candidate,,/root/autodl-tmp/projects/comparison-SC-embedding/BEELINE/Networks/mouse/STRING-network.csv,/root/autodl-tmp/projects/comparison-SC-embedding/scRNA-Seq/mHSC-GM/ExpressionData.csv,157134,1350,10832,276,276,910,57,0.06893479450659946,0.08401033973412113,0.20652173913043478,43792,326,43466,0.007444282060650347,133.33128834355827,0,0,0,,,43792,326,43466,0.007444282060650347,133.33128834355827,13151,129,13022,0.009809139989354421,100.94573643410853,0.009809139989354421
mHSC-L_Specific_500,BEELINE,Specific,500,2373,8,500,tf_stratified_1to10,tf_stratified_fixed_ratio,10.0,/root/autodl-tmp/projects/comparison-SC-embedding/BEELINE/Networks/mouse/mHSC-ChIP-seq-network.csv,/root/autodl-tmp/projects/comparison-SC-embedding/scRNA-Seq/mHSC-L/ExpressionData.csv,1078888,137,108816,49,41,2373,8,0.10085940338570824,0.021807454786060873,0.16326530612244897,3065,1823,1242,0.5947797716150082,0.6812945693911135,0,0,0,,,3065,1823,1242,0.5947797716150082,0.6812945693911135,934,550,384,0.588865096359743,0.6981818181818182,0.588865096359743
mHSC-L_Specific_500,BEELINE,Specific,500,2373,8,500,full_candidate,full_candidate,,/root/autodl-tmp/projects/comparison-SC-embedding/BEELINE/Networks/mouse/mHSC-ChIP-seq-network.csv,/root/autodl-tmp/projects/comparison-SC-embedding/scRNA-Seq/mHSC-L/ExpressionData.csv,1078888,137,108816,49,41,2373,8,0.10085940338570824,0.021807454786060873,0.16326530612244897,3071,1823,1248,0.5936177140996418,0.6845858475041141,0,0,0,,,3071,1823,1248,0.5936177140996418,0.6845858475041141,928,550,378,0.5926724137931034,0.6872727272727273,0.5926724137931034
mHSC-L_Specific_1000,BEELINE,Specific,1000,9051,16,1000,tf_stratified_1to10,tf_stratified_fixed_ratio,10.0,/root/autodl-tmp/projects/comparison-SC-embedding/BEELINE/Networks/mouse/mHSC-ChIP-seq-network.csv,/root/autodl-tmp/projects/comparison-SC-embedding/scRNA-Seq/mHSC-L/ExpressionData.csv,1078888,137,108816,49,41,9051,16,0.10085940338570824,0.0831771063078959,0.32653061224489793,11123,6964,4159,0.6260900836105368,0.5972142446869615,0,0,0,,,11123,6964,4159,0.6260900836105368,0.5972142446869615,3346,2087,1259,0.6237298266586969,0.603258265452803,0.6237298266586969
mHSC-L_Specific_1000,BEELINE,Specific,1000,9051,16,1000,full_candidate,full_candidate,,/root/autodl-tmp/projects/comparison-SC-embedding/BEELINE/Networks/mouse/mHSC-ChIP-seq-network.csv,/root/autodl-tmp/projects/comparison-SC-embedding/scRNA-Seq/mHSC-L/ExpressionData.csv,1078888,137,108816,49,41,9051,16,0.10085940338570824,0.0831771063078959,0.32653061224489793,12301,6964,5337,0.5661328347288839,0.7663699023549684,0,0,0,,,12301,6964,5337,0.5661328347288839,0.7663699023549684,3694,2087,1607,0.5649702219815917,0.7700047915668423,0.5649702219815917
mHSC-L_Non-Specific_500,BEELINE,Non-Specific,500,177,16,500,tf_stratified_1to10,tf_stratified_fixed_ratio,10.0,/root/autodl-tmp/projects/comparison-SC-embedding/BEELINE/Networks/mouse/Non-Specific-ChIP-seq-network.csv,/root/autodl-tmp/projects/comparison-SC-embedding/scRNA-Seq/mHSC-L/ExpressionData.csv,100139,1455,6876,282,282,177,16,0.06866455626678916,0.02574171029668412,0.05673758865248227,1441,131,1310,0.09090909090909091,10.0,0,0,0,,,1441,131,1310,0.09090909090909091,10.0,506,46,460,0.09090909090909091,10.0,0.09090909090909091
mHSC-L_Non-Specific_500,BEELINE,Non-Specific,500,177,16,500,full_candidate,full_candidate,,/root/autodl-tmp/projects/comparison-SC-embedding/BEELINE/Networks/mouse/Non-Specific-ChIP-seq-network.csv,/root/autodl-tmp/projects/comparison-SC-embedding/scRNA-Seq/mHSC-L/ExpressionData.csv,100139,1455,6876,282,282,177,16,0.06866455626678916,0.02574171029668412,0.05673758865248227,6137,131,6006,0.02134593449568193,45.847328244274806,0,0,0,,,6137,131,6006,0.02134593449568193,45.847328244274806,1853,46,1807,0.0248246087425796,39.28260869565217,0.0248246087425796
mHSC-L_Non-Specific_1000,BEELINE,Non-Specific,1000,570,50,1000,tf_stratified_1to10,tf_stratified_fixed_ratio,10.0,/root/autodl-tmp/projects/comparison-SC-embedding/BEELINE/Networks/mouse/Non-Specific-ChIP-seq-network.csv,/root/autodl-tmp/projects/comparison-SC-embedding/scRNA-Seq/mHSC-L/ExpressionData.csv,100139,1455,6876,282,282,570,50,0.06866455626678916,0.08289703315881326,0.1773049645390071,4475,417,4058,0.09318435754189944,9.731414868105515,0,0,0,,,4475,417,4058,0.09318435754189944,9.731414868105515,1650,153,1497,0.09272727272727273,9.784313725490197,0.09272727272727273
mHSC-L_Non-Specific_1000,BEELINE,Non-Specific,1000,570,50,1000,full_candidate,full_candidate,,/root/autodl-tmp/projects/comparison-SC-embedding/BEELINE/Networks/mouse/Non-Specific-ChIP-seq-network.csv,/root/autodl-tmp/projects/comparison-SC-embedding/scRNA-Seq/mHSC-L/ExpressionData.csv,100139,1455,6876,282,282,570,50,0.06866455626678916,0.08289703315881326,0.1773049645390071,38420,417,38003,0.010853722019781364,91.13429256594725,0,0,0,,,38420,417,38003,0.010853722019781364,91.13429256594725,11543,153,11390,0.013254786450662739,74.44444444444444,0.013254786450662739
mHSC-L_STRING_500,BEELINE,STRING,500,116,21,500,tf_stratified_1to10,tf_stratified_fixed_ratio,10.0,/root/autodl-tmp/projects/comparison-SC-embedding/BEELINE/Networks/mouse/STRING-network.csv,/root/autodl-tmp/projects/comparison-SC-embedding/scRNA-Seq/mHSC-L/ExpressionData.csv,157134,1350,10832,276,276,232,21,0.06893479450659946,0.02141802067946824,0.07608695652173914,902,82,820,0.09090909090909091,10.0,0,0,0,,,902,82,820,0.09090909090909091,10.0,374,34,340,0.09090909090909091,10.0,0.09090909090909091
mHSC-L_STRING_500,BEELINE,STRING,500,116,21,500,full_candidate,full_candidate,,/root/autodl-tmp/projects/comparison-SC-embedding/BEELINE/Networks/mouse/STRING-network.csv,/root/autodl-tmp/projects/comparison-SC-embedding/scRNA-Seq/mHSC-L/ExpressionData.csv,157134,1350,10832,276,276,232,21,0.06893479450659946,0.02141802067946824,0.07608695652173914,8049,82,7967,0.010187600944216673,97.15853658536585,0,0,0,,,8049,82,7967,0.010187600944216673,97.15853658536585,2430,34,2396,0.013991769547325103,70.47058823529412,0.013991769547325103
mHSC-L_STRING_1000,BEELINE,STRING,1000,512,66,1000,tf_stratified_1to10,tf_stratified_fixed_ratio,10.0,/root/autodl-tmp/projects/comparison-SC-embedding/BEELINE/Networks/mouse/STRING-network.csv,/root/autodl-tmp/projects/comparison-SC-embedding/scRNA-Seq/mHSC-L/ExpressionData.csv,157134,1350,10832,276,276,1024,66,0.06893479450659946,0.09453471196454949,0.2391304347826087,4004,364,3640,0.09090909090909091,10.0,0,0,0,,,4004,364,3640,0.09090909090909091,10.0,1628,148,1480,0.09090909090909091,10.0,0.09090909090909091
mHSC-L_STRING_1000,BEELINE,STRING,1000,512,66,1000,full_candidate,full_candidate,,/root/autodl-tmp/projects/comparison-SC-embedding/BEELINE/Networks/mouse/STRING-network.csv,/root/autodl-tmp/projects/comparison-SC-embedding/scRNA-Seq/mHSC-L/ExpressionData.csv,157134,1350,10832,276,276,1024,66,0.06893479450659946,0.09453471196454949,0.2391304347826087,50705,364,50341,0.007178779213095355,138.29945054945054,0,0,0,,,50705,364,50341,0.007178779213095355,138.29945054945054,15229,148,15081,0.009718300610676998,101.89864864864865,0.009718300610676998
